"Chart Data Export",
"Dimension 1","days"
"Dimension 2","categories"
"Aggregate","volume"
"Start Date","Wed May 08 22:00:00 UTC 2024"
"End Date","Thu May 08 22:00:00 UTC 2025"
"Project Id","1998386573"
"Page Type","[reddit]"
"Query Id","[2003208074]"

"134240",0,0,0,0,0,0,0,0,0,0,0,0,0,0,0,0,0,0,0,0,0,0,0,6,1,3,9,18,18,14,6,3,3,4,6,4,6,1,9,3,9,8,18,9,3,0,14,8,8,9,4,1,156,18,4,16,4,3,56,43,6,24,16,16,9,18,14,18,11,14,9,6,6,8,4,3,9,19,8,3,0,8,1,6,14,14,8,1,13,11,4,6,13,11,8,13,6,11,4,13,3,23,19,8,9,11,9,21,11,9,33,24,16,58,23,13,13,26,13,4,3,3,6,4,3,1,1,1,8,3,1,4,0,0,9,14,1,6,3,0,3,3,0,4,4,0,0,4,1,0,3,3,1,0,1,0,1,3,3,0,1,0,4,6,3,1,3,0,1,1,1,1,6,1,3,0,0,1,6,4,4,1,4,4,9,0,0,1,1,3,0,1,0,1,1,3,4,1,3,0,3,1,1,0,4,3,1,0,0,3,9,1,0,6,3,3,1,4,8,1,1,3,0,3,8,0,3,1,4,0,0,0,0,1,1,1,4,6,3,0,1,0,3,1,11,0,1,1,6,4,8,0,9,1,4,0,1,6,0,3,3,0,3,1,1,8,8,9,1,3,11,0,0,0,3,1,3,1,3,3,1,4,0,1,4,1,0,4,4,3,3,4,1,1,3,0,0,8,1,1,3,0,0,3,3,13,1,1,3,3,1,1,0,1,1,0,0,1,0,1,1,1,0,0,0,1,0,1,8,1,1,0,3,6,0,0,0,3,6,4,4,9,4,0,3,0,1,1,3,0,1,3,0,3,0,3,3,6,3,8,0,0,0,3,0
"236506",0,0,0,0,0,0,0,0,0,0,0,0,0,0,0,0,0,0,0,0,0,0,0,0,3,4,0,1,1,0,0,0,1,0,0,0,0,0,0,0,3,0,1,1,1,0,0,1,1,0,0,0,0,1,0,0,0,0,0,0,1,0,3,0,0,0,0,1,0,0,3,0,3,0,1,0,0,0,1,1,0,1,0,0,0,0,0,0,1,0,0,1,1,0,0,0,0,0,0,0,1,0,1,0,0,0,0,0,0,0,0,0,0,0,0,0,0,0,1,3,1,0,0,1,0,1,0,0,0,0,0,0,1,1,0,0,3,0,0,0,0,4,0,0,0,3,0,0,0,1,0,0,1,0,0,0,0,0,0,0,0,0,1,0,0,0,0,0,0,0,3,0,0,1,1,0,0,1,0,0,1,0,0,0,0,0,0,0,0,0,0,0,0,0,0,0,0,0,0,0,0,0,1,0,0,1,0,1,0,0,0,0,0,0,0,0,0,0,0,0,0,0,1,0,1,0,0,3,0,0,0,0,0,1,0,0,0,0,0,0,0,0,0,0,1,1,1,0,0,0,0,0,0,3,0,0,0,1,0,0,0,0,0,0,0,0,0,1,3,3,0,0,0,0,0,1,0,0,1,1,0,0,0,0,0,0,3,0,0,1,1,1,1,0,0,0,3,0,0,1,1,0,0,3,0,0,0,1,0,0,1,0,0,0,0,0,0,1,0,0,0,0,0,0,0,0,1,0,0,0,1,0,0,0,1,0,0,0,1,0,0,4,0,1,0,0,0,0,0,0,0,0,0,1,0,1,0,0,0,0,0,3,0,0,3
"243565",0,0,0,0,0,0,0,0,0,0,0,0,0,0,0,0,0,0,0,0,0,0,0,0,0,0,0,0,0,0,0,0,1,1,0,0,1,0,0,0,11,1,0,6,1,0,0,0,3,0,0,0,0,0,0,0,1,0,0,0,0,0,0,0,0,1,0,0,0,1,0,1,0,0,0,0,1,1,0,0,1,0,0,0,0,0,0,0,0,0,0,0,0,0,0,0,0,0,0,0,3,0,0,0,0,0,3,0,0,0,0,0,0,0,3,0,0,0,0,0,0,0,0,0,0,0,0,0,0,1,0,0,0,0,0,0,0,0,0,0,0,1,1,1,0,3,0,0,0,3,0,0,0,0,0,0,0,0,0,0,0,0,0,3,0,0,0,0,0,0,0,0,0,1,0,0,1,0,0,0,1,0,0,0,1,0,0,0,0,0,0,0,0,0,0,0,0,0,0,0,0,1,0,0,0,1,0,1,1,0,0,1,0,0,0,0,0,0,0,1,0,0,0,0,0,0,8,0,0,0,0,1,0,0,0,0,0,0,0,0,1,3,0,1,0,0,4,1,0,0,0,0,0,0,1,0,0,1,1,1,0,0,0,0,0,0,1,0,0,1,0,0,0,0,0,1,0,1,0,0,0,0,1,0,1,0,0,0,0,1,0,0,0,0,0,0,0,0,0,0,3,0,0,0,0,0,1,0,0,0,0,1,0,1,0,0,0,0,0,0,0,0,0,1,0,1,0,0,0,0,0,0,0,0,0,0,0,0,0,1,0,4,0,0,0,0,4,0,1,0,0,0,1,1,0,0,0,0,0,1,1,0,1,0,0
"279379",0,0,0,0,0,0,0,0,0,0,0,0,0,0,0,0,0,0,0,0,0,0,0,6,8,3,13,6,6,8,6,4,6,13,1,9,1,3,4,1,3,3,6,16,1,8,1,8,0,3,1,3,4,1,4,18,3,19,9,9,8,8,18,9,8,8,3,4,4,8,3,6,9,8,8,4,6,6,0,6,4,13,11,11,4,9,9,3,6,9,18,13,9,8,9,4,4,9,11,11,36,34,4,11,9,6,4,13,19,11,11,9,13,14,23,13,11,6,4,4,3,1,4,9,6,8,1,3,11,28,11,6,1,3,9,6,46,21,13,19,9,4,6,0,3,18,14,0,8,44,11,11,4,4,6,9,3,4,1,3,4,4,1,11,3,3,4,1,1,9,6,11,9,11,9,4,3,18,13,13,4,8,8,3,6,33,3,4,3,9,6,3,1,0,1,1,0,6,11,6,8,13,6,3,0,14,3,3,14,11,9,3,4,41,11,4,31,6,6,38,11,8,1,43,13,9,73,26,21,18,8,16,19,8,6,8,13,29,16,13,23,14,8,24,16,6,1,3,39,41,34,46,14,8,8,8,4,16,11,4,6,8,6,3,4,9,13,8,6,9,6,14,3,1,13,6,6,0,13,13,9,1,8,0,4,0,14,6,4,6,11,6,8,14,13,4,8,1,1,13,1,4,11,3,8,4,9,6,3,4,4,4,4,4,8,6,0,1,4,3,3,4,3,3,1,4,8,6,6,6,1,1,1,3,4,3,6,4,6,0,4,1,9,4,3,8,4,4,3,3,11,0,8,8,9,19,14,8,1,3,8,4,9,8,11
"296240",0,0,0,0,0,0,0,0,0,0,0,0,0,0,0,0,0,0,0,0,0,0,0,0,0,0,1,1,3,0,0,1,0,0,0,0,0,0,0,0,0,0,0,0,0,0,0,0,0,0,0,0,0,0,0,0,0,0,0,0,0,0,0,0,0,0,0,0,0,0,0,0,0,0,0,0,0,0,0,0,0,0,0,3,0,0,0,0,0,0,0,0,0,0,0,1,0,0,0,0,0,3,1,0,0,0,3,0,1,0,0,0,0,0,0,0,1,0,0,0,0,0,0,0,0,0,0,0,1,1,0,0,0,0,1,0,0,0,0,0,0,0,0,0,0,0,0,0,0,0,4,0,0,0,0,0,0,0,0,0,0,0,0,6,0,0,0,0,0,0,3,0,0,0,0,0,0,0,0,3,0,1,0,0,3,0,0,0,1,0,0,0,0,0,0,0,0,3,1,0,0,0,0,0,1,0,1,0,0,4,0,0,3,0,1,0,0,0,0,0,1,1,0,1,0,0,3,0,0,0,0,0,3,0,0,0,0,0,0,0,3,1,1,1,0,0,0,0,0,0,0,0,6,1,3,0,1,4,0,0,3,4,3,0,1,1,0,0,1,0,0,0,0,0,0,0,0,0,0,0,0,1,1,0,1,0,0,0,1,0,0,0,0,4,0,0,0,0,0,0,1,0,1,1,0,0,0,0,0,0,3,0,0,0,0,0,0,1,0,1,0,0,0,0,0,0,0,0,3,0,0,0,3,0,0,0,0,1,0,0,0,0,0,0,0,0,0,1,0,0,0,0,0,0,0,0,0,1,0,1,3,1,0,3,0
"296975",0,0,0,0,0,0,0,0,0,0,0,0,0,0,0,0,0,0,0,0,0,0,0,0,0,0,0,0,1,0,0,0,1,0,1,3,0,0,0,1,0,0,1,0,0,1,0,0,4,0,1,0,0,0,0,0,0,0,0,0,1,1,0,0,0,0,0,0,0,0,0,0,0,0,0,0,0,0,0,0,0,1,1,1,4,1,0,0,0,0,1,0,3,0,1,0,0,0,0,1,0,1,0,0,0,1,0,0,1,0,1,1,1,0,0,3,0,0,4,0,0,0,0,1,0,0,0,0,0,0,0,0,1,0,0,3,1,0,0,0,0,0,0,1,0,3,0,1,0,0,0,0,0,0,0,0,0,0,0,0,0,0,1,0,0,0,0,0,0,0,0,1,4,0,3,0,0,0,0,0,0,0,1,0,0,0,0,0,0,0,0,0,1,0,0,0,0,0,0,1,0,0,0,1,0,0,1,1,0,0,1,1,0,0,0,0,0,0,0,0,0,0,0,0,0,0,0,0,0,1,0,0,0,0,0,1,0,0,0,0,1,0,0,0,1,0,0,1,0,0,0,0,0,1,0,0,0,0,0,0,0,0,3,0,0,0,0,0,0,1,0,0,0,0,0,1,1,0,0,0,0,0,0,0,0,1,0,0,0,0,1,0,0,0,0,0,0,0,0,0,0,1,0,0,0,0,1,0,0,0,0,0,0,0,0,0,0,0,0,0,0,0,0,0,1,0,0,0,0,0,0,1,0,0,0,0,1,0,1,1,0,0,1,0,0,3,0,0,0,0,0,0,0,3,0,0,0,0,0,0,0,0,0,0,0
"298839",0,0,0,0,0,0,0,0,0,0,0,0,0,0,0,0,0,0,0,0,0,0,0,0,0,0,0,0,0,0,0,1,0,0,0,0,1,1,0,0,0,0,0,0,0,0,0,0,0,0,0,0,4,0,1,0,0,3,0,0,0,3,0,0,0,0,8,8,0,3,0,0,0,1,0,0,0,1,0,1,0,0,1,0,0,0,0,0,0,0,0,0,0,0,0,0,0,0,0,0,0,0,0,0,0,0,0,0,0,0,0,0,0,0,0,0,0,0,0,3,0,0,0,0,0,0,0,0,1,0,0,0,0,0,0,0,0,0,0,1,0,0,0,0,0,0,0,0,0,0,0,0,0,0,0,0,0,0,0,1,0,0,0,0,1,0,0,0,0,0,0,0,0,0,0,0,0,0,0,0,0,0,0,1,0,0,0,0,0,0,0,0,0,0,0,0,0,0,0,0,0,0,0,0,0,0,0,1,0,0,1,0,0,0,0,0,1,3,0,0,0,0,0,0,0,0,1,0,0,0,0,0,0,0,3,0,0,0,0,0,1,0,0,0,0,0,0,1,0,0,0,0,0,0,0,0,0,0,0,0,0,0,1,1,0,0,0,0,0,0,0,1,0,0,0,0,0,0,0,0,0,0,1,1,0,0,0,0,0,0,0,0,0,3,0,0,1,0,0,0,1,4,0,0,1,1,0,0,3,0,0,1,0,0,0,1,0,0,1,0,0,0,0,0,0,1,0,0,0,1,0,0,1,0,0,0,0,0,1,0,0,0,0,0,0,0,0,0,0,0,0,0,0,1,0,0,0,0,0,0,0,0,0,0,0
"317804",0,0,0,0,0,0,0,0,0,0,0,0,0,0,0,0,0,0,0,0,0,0,0,13,28,14,19,19,34,21,19,23,23,16,6,29,14,21,11,14,6,11,18,28,9,8,26,26,18,29,18,24,11,24,16,26,18,3,9,36,33,11,21,19,9,29,4,4,19,28,29,16,36,23,21,29,26,14,14,26,24,23,51,19,61,84,28,24,93,83,148,89,161,98,28,24,28,29,38,46,23,18,133,31,18,16,69,78,6,19,13,24,11,58,14,71,24,23,13,13,6,9,14,16,9,19,6,19,23,64,46,14,9,11,36,13,8,19,9,11,31,33,9,28,9,6,34,18,14,13,14,11,13,13,6,18,3,4,14,9,4,39,26,178,26,26,23,34,79,51,16,99,58,43,94,23,13,19,174,18,18,24,36,11,4,28,28,14,8,11,13,6,8,3,4,9,11,33,9,19,13,16,14,11,14,9,34,13,9,11,38,59,6,21,21,44,19,84,24,11,16,18,26,23,21,11,19,36,24,21,9,36,23,33,39,24,19,14,23,28,33,23,39,23,39,19,23,26,16,36,33,221,111,56,66,201,59,31,43,63,49,33,176,49,73,49,83,36,28,128,56,49,34,473,218,33,21,26,19,31,56,16,9,29,16,0,11,9,6,8,14,19,18,14,9,11,3,4,11,11,13,11,8,16,14,18,3,4,14,33,13,14,14,11,13,14,21,11,13,11,8,13,3,6,11,8,21,9,39,21,13,14,13,13,4,19,14,14,18,46,19,16,14,28,23,8,28,169,54,9,8,4,6,123,43,64,8,98,28,26,38,33,8,39,0
"328096",0,0,0,0,0,0,0,0,0,0,0,0,0,0,0,0,0,0,0,0,0,0,0,0,0,3,1,0,0,0,0,0,0,0,1,0,0,0,0,0,0,0,0,0,0,0,0,0,0,0,0,0,0,0,0,0,1,0,0,0,0,0,0,0,1,0,1,0,0,0,0,0,1,0,1,0,6,0,0,0,0,0,0,0,3,1,1,0,3,0,0,0,6,0,0,3,0,0,0,0,0,1,0,0,0,0,1,1,0,0,3,0,0,0,0,0,0,0,0,0,0,0,0,0,0,0,1,0,1,0,0,1,0,0,0,3,0,0,0,0,0,0,1,0,0,0,0,0,0,1,0,0,0,0,0,0,0,0,0,0,0,0,0,0,0,3,0,0,0,0,1,4,0,4,0,0,0,0,0,0,0,0,1,0,4,0,0,0,0,0,0,0,0,0,0,0,0,0,0,0,0,0,0,0,0,0,0,0,3,0,0,0,3,0,0,0,0,0,0,0,3,0,0,3,0,0,1,0,0,0,0,4,0,1,3,0,0,0,1,0,4,0,0,3,0,0,0,0,0,0,0,3,0,0,1,1,0,0,0,1,0,1,3,0,0,0,0,0,0,6,1,0,0,0,0,0,1,3,0,0,0,0,3,0,0,0,1,0,0,1,0,3,4,1,0,0,16,4,4,19,3,1,4,6,0,1,3,0,0,1,0,0,3,3,0,0,0,0,0,6,0,0,0,3,1,3,1,0,3,0,3,4,0,0,0,1,0,0,4,0,0,1,3,0,0,1,0,1,1,3,0,0,4,0,0,0,0,0,0,0,1,0,1,0,0
"328990",0,0,0,0,0,0,0,0,0,0,0,0,0,0,0,0,0,0,0,0,0,0,0,0,0,0,3,0,4,3,0,0,0,3,1,0,0,0,0,0,0,1,1,0,1,0,6,0,3,8,1,0,3,1,0,1,1,0,0,1,1,0,0,0,1,4,4,1,1,1,0,0,0,1,0,1,0,0,0,1,1,0,0,0,0,0,1,0,1,0,0,1,3,0,0,3,0,1,1,1,4,1,1,1,1,0,0,0,0,1,6,1,1,0,8,4,1,3,1,0,1,1,1,4,0,0,0,3,0,3,1,0,0,0,0,1,1,1,0,0,0,0,0,4,0,0,0,3,0,4,9,1,3,3,1,1,0,3,4,0,0,0,0,0,1,1,3,3,0,0,0,6,1,1,1,1,1,1,0,3,1,1,3,4,1,6,4,3,3,8,0,3,0,0,0,0,0,1,0,0,1,3,6,0,0,0,0,1,0,1,3,3,1,0,3,1,3,0,3,0,0,1,4,1,1,9,0,3,3,0,1,4,4,1,4,4,3,1,1,1,1,1,3,4,1,3,1,0,0,6,3,0,1,0,4,1,8,1,3,1,0,0,1,0,4,6,3,1,3,9,1,0,1,6,6,0,4,4,9,1,1,0,0,6,0,1,1,0,4,0,9,4,0,1,0,0,0,0,3,1,0,4,1,1,3,0,1,0,3,0,0,8,1,1,0,4,0,0,6,3,3,3,3,1,1,8,4,0,0,3,0,4,3,1,3,3,0,0,6,3,3,4,0,1,0,1,3,0,1,4,3,3,1,4,3,1,3,4,0,1,4,1,1,0,0
"330514",0,0,0,0,0,0,0,0,0,0,0,0,0,0,0,0,0,0,0,0,0,0,0,1,0,1,0,0,0,0,0,0,0,0,0,0,0,0,0,0,0,0,0,0,0,0,1,0,0,0,0,0,0,1,0,0,0,0,0,0,0,0,0,0,0,0,0,0,1,1,0,0,0,0,0,0,0,0,0,0,0,0,0,0,0,0,0,0,0,0,0,0,0,0,0,0,0,0,0,0,0,0,0,0,0,0,0,0,0,0,0,0,0,0,0,0,0,0,0,0,0,0,0,0,1,0,0,0,0,0,0,0,0,0,0,0,0,0,0,0,0,0,0,0,0,0,0,0,0,0,0,0,0,0,3,0,0,1,0,0,0,0,0,0,0,0,0,0,0,0,0,0,0,0,0,0,0,0,0,0,0,0,0,0,0,0,0,0,0,0,0,0,0,0,0,0,0,1,0,0,0,0,0,0,0,0,0,0,0,0,0,0,0,0,0,0,0,0,0,0,0,0,0,0,0,0,0,0,0,0,0,0,0,1,1,0,0,0,0,0,0,0,0,0,0,0,0,0,0,0,0,0,0,1,0,0,1,4,0,0,0,0,0,0,0,1,0,0,0,0,0,0,0,0,0,0,0,0,0,0,1,0,0,0,0,1,1,0,0,0,0,0,0,0,0,0,0,0,0,0,3,0,1,0,0,1,0,1,0,0,0,0,0,1,0,1,0,0,1,0,0,0,0,1,0,0,0,0,0,0,0,0,0,0,0,1,0,0,0,0,0,0,0,0,0,0,0,0,0,0,0,0,0,0,0,0,0,0,0,0,0,0,0,0,1
"333048",0,0,0,0,0,0,0,0,0,0,0,0,0,0,0,0,0,0,0,0,0,0,0,0,0,0,1,0,0,0,1,0,0,0,0,0,0,0,0,0,0,0,0,0,0,0,0,0,0,1,0,0,0,0,0,0,0,0,0,0,0,0,0,0,0,0,0,0,0,0,0,0,0,0,0,0,0,1,0,0,0,0,0,0,0,0,0,0,0,0,0,0,0,0,0,1,0,0,0,0,1,0,0,0,0,3,0,0,1,0,0,0,0,0,4,0,0,0,0,1,0,0,0,0,0,0,0,0,1,1,0,0,3,0,1,0,0,0,0,0,0,0,0,0,0,0,0,0,0,0,0,0,0,0,0,0,0,3,0,0,0,0,0,0,3,0,0,0,0,0,1,0,0,0,0,0,0,3,0,0,0,0,0,0,0,0,0,0,1,1,0,0,0,0,0,0,0,0,0,0,0,0,0,0,0,3,1,1,0,1,0,0,0,0,0,0,0,0,0,0,0,0,0,0,0,0,0,3,0,0,0,1,0,0,3,0,0,0,0,0,1,1,3,0,0,0,1,0,0,0,0,1,0,0,0,0,4,0,0,0,0,0,0,0,0,0,0,0,0,0,0,0,0,0,0,0,0,0,0,0,0,0,0,0,0,0,0,0,0,0,0,0,0,0,0,0,1,0,0,0,0,0,0,1,0,0,0,0,0,0,1,0,0,0,0,0,0,0,0,0,0,0,0,0,0,0,0,4,0,0,0,3,0,0,0,0,0,0,0,0,0,0,0,0,1,0,3,0,0,0,0,0,1,0,0,0,0,0,0,0,0,0,0,0,0
"333542",0,0,0,0,0,0,0,0,0,0,0,0,0,0,0,0,0,0,0,0,0,0,0,0,0,1,1,3,0,0,1,1,0,0,0,0,0,0,0,4,0,0,0,0,0,0,0,0,0,0,0,0,0,4,1,0,0,4,0,0,0,6,0,1,0,3,0,0,3,1,0,0,0,1,1,0,0,0,0,0,0,0,4,0,0,1,0,0,0,0,3,0,0,0,0,0,0,0,0,1,0,0,0,0,0,0,1,0,0,0,0,0,0,0,0,4,0,0,0,0,1,0,0,1,0,0,0,0,0,0,0,0,1,1,0,0,0,0,0,0,0,1,0,0,0,4,0,1,0,0,0,0,0,0,0,0,0,0,3,3,0,0,0,0,1,0,3,0,0,0,0,0,0,1,0,0,0,0,0,0,0,1,0,0,3,0,0,0,1,0,0,0,0,0,0,0,0,3,0,0,0,3,0,0,0,1,0,0,0,0,0,3,0,1,0,0,0,0,0,0,1,3,1,1,1,1,0,1,0,0,1,1,0,1,0,1,1,1,0,1,1,1,4,1,1,11,6,3,0,6,11,4,1,3,1,0,0,0,1,1,0,0,0,0,0,1,0,1,0,0,0,0,0,0,3,1,0,0,3,1,1,0,0,1,3,0,0,1,0,0,0,0,0,6,0,0,0,0,4,1,3,0,0,0,4,1,1,0,1,0,0,3,1,1,0,3,0,0,0,0,0,0,0,0,1,1,3,0,0,0,0,0,0,0,0,0,0,0,0,1,0,0,0,0,0,0,0,0,0,1,0,0,0,3,0,0,0,0,0,0,1,0,1,0,1
"361406",0,0,0,0,0,0,0,0,0,0,0,0,0,0,0,0,0,0,0,0,0,0,0,0,0,0,0,0,0,0,1,0,0,0,0,0,0,0,0,0,0,0,0,0,0,0,0,0,0,1,0,0,0,0,0,0,0,0,0,0,0,0,0,0,0,1,0,1,0,0,0,0,0,0,0,0,0,0,0,0,0,0,0,0,0,0,0,0,0,0,1,0,0,0,1,0,0,0,1,0,0,0,1,0,0,0,1,0,0,0,0,0,1,0,0,0,0,0,0,1,1,0,0,0,0,0,0,0,0,0,0,0,0,0,1,0,0,0,0,0,1,0,0,0,1,0,0,0,0,0,1,0,0,0,0,0,0,1,0,0,0,1,0,1,0,0,0,0,0,0,0,0,0,1,0,1,0,0,0,0,1,0,0,0,0,0,0,0,0,1,0,0,0,0,0,0,0,0,0,0,0,0,1,0,1,0,0,0,0,0,0,0,0,0,0,0,0,0,0,0,0,0,0,1,0,0,0,0,0,1,0,0,0,1,0,0,0,1,0,0,1,1,0,0,0,0,0,0,0,0,0,0,0,0,0,1,0,1,0,3,1,0,0,1,1,0,0,0,0,0,0,0,0,0,0,0,0,0,0,0,1,0,0,1,0,0,0,0,0,0,1,0,1,0,0,1,0,0,0,1,1,0,0,0,0,0,0,0,0,0,0,0,0,0,0,1,0,0,0,0,0,0,0,0,0,0,0,0,0,0,0,0,0,0,0,0,0,0,0,0,0,0,1,1,1,0,1,0,0,0,0,0,0,0,0,0,0,0,0,0,0,0,0,0,0
"362433",0,0,0,0,0,0,0,0,0,0,0,0,0,0,0,0,0,0,0,0,0,0,0,0,0,0,0,0,0,0,1,0,0,0,0,0,0,0,0,0,0,1,0,0,0,0,0,0,0,0,0,0,0,0,0,1,0,0,0,0,0,0,0,0,0,0,0,0,0,0,1,1,0,0,0,0,0,0,0,0,0,0,0,1,0,0,0,1,0,0,0,0,0,1,0,0,3,0,6,1,0,0,1,1,3,0,3,6,1,0,1,0,0,0,1,0,1,1,1,0,0,0,0,0,0,0,0,0,1,0,0,0,0,0,0,0,1,0,0,0,0,0,1,0,1,0,0,1,0,0,4,1,1,0,0,0,0,0,0,1,0,3,3,4,0,1,0,1,0,0,1,0,0,3,3,0,0,0,0,0,3,0,1,4,1,0,0,0,0,1,0,0,0,0,1,0,0,0,1,0,1,3,0,1,4,1,0,1,1,0,1,0,0,0,0,0,1,1,0,0,4,0,0,0,0,0,0,0,0,0,0,0,4,0,0,0,0,0,0,0,1,1,0,1,0,0,0,0,0,1,0,0,3,1,0,4,0,0,0,0,0,1,0,0,0,0,1,0,0,0,0,1,1,0,0,3,0,0,0,0,0,6,0,0,0,0,0,0,0,1,4,1,3,0,1,0,0,0,0,0,0,0,0,3,0,0,1,0,0,1,1,0,0,0,0,0,0,0,0,1,0,0,0,0,3,0,0,0,0,0,0,0,0,0,0,0,0,0,0,0,0,0,0,0,0,0,1,0,0,1,0,0,0,0,0,0,0,0,0,0,0,0,0,0,0
"363037",0,0,0,0,0,0,0,0,0,0,0,0,0,0,0,0,0,0,0,0,0,0,0,0,0,0,0,0,0,0,0,0,0,0,0,0,0,0,0,0,0,0,0,0,0,0,0,0,0,0,0,0,0,0,0,0,0,0,0,0,0,0,0,0,0,0,0,0,0,0,0,0,0,0,0,0,0,0,0,0,0,0,0,0,0,0,0,0,0,0,0,0,0,0,0,0,0,0,0,0,0,0,0,0,0,0,0,0,0,0,0,0,0,0,0,0,0,0,0,0,0,0,0,0,0,0,0,0,0,0,0,0,0,0,0,1,0,0,0,0,0,0,0,0,0,0,0,0,0,0,0,0,0,0,0,1,0,0,0,0,0,0,0,0,0,0,0,1,0,0,0,0,0,0,0,0,0,0,0,0,0,0,0,0,0,0,0,0,0,0,0,1,0,0,0,0,0,0,0,0,0,0,0,0,0,0,1,0,0,0,0,0,0,0,0,0,0,0,0,1,0,0,1,0,0,0,0,0,0,0,0,0,0,1,0,0,0,0,0,0,0,0,0,0,0,0,0,4,0,0,1,0,3,1,0,1,0,0,0,0,0,0,0,0,0,0,0,0,0,0,0,0,0,0,0,0,0,0,0,0,0,1,0,1,0,0,0,0,0,3,1,0,0,0,0,0,0,0,1,0,0,0,1,1,0,0,0,0,0,0,3,0,0,0,0,0,1,1,0,0,0,0,0,0,0,1,0,1,0,0,0,0,0,0,0,0,0,0,0,0,0,0,0,0,0,0,0,0,0,0,0,0,4,0,0,0,0,0,0,0,0,0,0,0,1
"382587",0,0,0,0,0,0,0,0,0,0,0,0,0,0,0,0,0,0,0,0,0,0,0,0,0,0,0,0,0,0,0,0,0,1,0,0,0,0,0,0,0,0,0,0,0,0,0,0,0,0,0,0,0,0,0,0,0,0,0,0,0,0,0,0,0,0,0,0,0,0,0,0,0,0,0,0,0,0,0,0,0,0,0,0,0,0,0,0,0,0,0,0,0,0,0,0,0,0,0,0,0,0,0,0,0,0,0,0,0,0,0,0,0,0,0,0,0,0,0,0,0,0,0,0,0,0,0,0,0,0,0,0,0,0,0,1,0,0,0,0,0,0,0,0,0,0,0,0,0,0,0,0,0,0,0,0,0,0,0,0,0,0,0,0,0,0,0,0,0,0,0,0,0,0,0,0,0,0,0,0,0,0,0,0,0,0,0,0,0,0,0,0,0,0,0,0,0,0,0,0,0,0,0,0,0,0,1,0,0,0,0,0,1,0,0,0,0,0,0,0,0,0,0,0,0,0,0,0,3,0,0,0,0,0,0,0,0,0,0,0,0,0,0,0,0,0,0,0,0,0,1,0,0,0,0,0,0,0,0,1,0,0,0,0,1,1,1,0,8,0,0,0,0,0,0,0,0,0,0,0,0,0,0,0,1,0,0,0,0,0,0,0,0,0,0,0,0,0,0,0,0,0,0,0,0,0,0,0,0,0,0,0,1,0,0,0,0,0,0,0,0,3,0,0,0,0,0,0,1,0,0,0,0,0,0,1,0,0,0,0,0,0,0,0,0,0,0,0,0,1,1,0,0,0,0,0,0,0,0,0,0,0,0,0,0
"383956",0,0,0,0,0,0,0,0,0,0,0,0,0,0,0,0,0,0,0,0,0,0,0,1,0,0,0,3,0,1,3,1,0,1,1,6,4,1,1,0,6,8,9,3,4,3,13,1,3,0,1,1,0,4,8,0,1,0,13,13,8,6,4,9,9,3,8,9,6,3,3,9,6,4,3,0,11,0,4,0,0,1,4,4,4,0,1,0,3,4,3,3,9,4,3,1,3,3,4,24,23,1,3,1,1,1,0,6,1,0,0,1,1,3,4,9,3,3,0,3,0,3,0,1,1,1,0,0,6,0,0,3,0,0,0,4,0,0,1,6,3,0,1,6,1,0,0,3,3,0,6,3,0,0,1,0,0,0,0,0,0,0,0,4,1,0,0,0,3,0,0,1,0,1,8,1,1,3,6,1,3,0,3,0,1,3,0,0,1,0,0,1,0,3,4,3,0,1,1,8,0,1,1,1,0,3,18,4,0,6,1,1,0,0,0,1,1,3,1,1,13,0,1,3,4,0,0,3,0,3,1,6,3,4,0,23,21,6,4,6,0,6,8,6,0,0,1,0,8,4,0,3,9,3,1,4,1,0,0,1,0,1,11,3,1,1,0,0,0,4,0,3,1,0,6,0,0,0,1,1,0,0,0,6,4,4,3,0,0,3,0,1,4,3,0,1,0,8,3,1,1,4,3,0,6,3,1,0,11,3,1,4,1,1,0,0,0,0,0,1,0,0,1,0,1,0,3,9,1,0,0,1,4,1,1,1,18,3,1,6,0,3,3,4,1,1,0,0,1,0,1,0,0,0,1,0,0,3,0,1,1,0,0,1,0
"384430",0,0,0,0,0,0,0,0,0,0,0,0,0,0,0,0,0,0,0,0,0,0,0,1,0,0,0,1,6,0,0,8,0,0,0,9,0,0,0,1,3,0,0,0,1,0,0,3,1,0,1,1,0,1,0,6,0,0,0,21,3,1,1,0,1,0,0,0,0,0,0,0,3,0,0,0,0,4,0,0,1,0,3,0,1,0,4,1,0,0,1,1,0,1,0,31,1,3,103,31,14,19,19,83,93,66,96,16,33,18,23,14,9,21,18,8,4,14,4,13,0,0,0,4,1,6,6,6,43,13,18,9,6,14,1,8,4,3,13,13,13,18,11,3,41,18,9,6,9,14,3,3,0,4,13,0,1,1,0,0,4,1,11,141,73,124,64,19,13,8,39,9,4,1,0,9,1,24,21,14,14,9,1,23,68,31,9,13,23,39,11,11,18,11,23,14,13,33,58,8,4,3,13,8,18,129,53,64,89,14,104,103,64,46,21,23,11,14,14,39,48,111,43,11,13,36,81,53,24,39,28,68,34,34,89,36,13,11,19,18,31,18,16,21,34,18,14,14,9,24,26,8,0,6,9,8,4,0,4,1,6,23,14,16,1,3,8,4,1,0,8,0,0,13,4,3,1,1,1,1,3,13,1,1,4,1,3,1,11,23,16,66,41,8,9,4,31,16,21,1,4,19,31,23,58,48,51,43,61,81,131,19,6,3,8,3,1,8,1,1,4,1,1,3,8,18,24,88,33,19,33,108,29,18,14,6,16,33,49,3,18,1,6,13,13,31,6,14,19,18,14,51,54,164,36,6,39,31,38,91,33,21,26,11,4
"387125",0,0,0,0,0,0,0,0,0,0,0,0,0,0,0,0,0,0,0,0,0,0,0,0,0,1,0,3,0,3,1,0,3,6,3,3,4,0,1,0,0,4,1,0,3,0,4,1,0,0,0,4,0,0,1,1,0,4,1,0,3,1,0,0,0,0,0,0,0,1,0,1,0,0,1,0,0,0,0,3,0,0,1,0,0,0,0,3,1,0,3,0,0,0,0,1,0,3,0,0,0,0,1,0,0,0,0,0,0,0,0,0,0,0,0,1,0,0,0,0,0,0,0,0,0,0,0,0,0,0,0,0,0,0,0,0,1,0,0,0,0,1,0,0,0,1,0,0,0,1,0,0,3,0,0,0,0,0,0,0,0,0,1,0,0,0,0,0,0,0,1,1,1,1,0,0,0,1,0,1,1,1,0,0,1,0,0,0,0,0,0,1,0,0,0,0,0,0,0,0,0,1,0,0,0,1,0,0,0,0,1,0,0,0,0,0,0,0,0,0,0,0,0,0,0,0,0,3,0,0,0,0,0,0,1,0,0,0,0,0,0,1,0,0,1,0,3,0,0,0,0,0,1,0,1,0,1,1,0,0,0,0,0,0,0,0,0,0,3,0,0,0,0,0,0,1,0,0,1,0,0,0,0,0,0,0,3,0,0,0,1,0,0,0,0,0,0,0,0,0,0,0,0,1,0,0,0,0,0,0,0,0,0,3,0,0,0,0,0,0,0,0,0,0,0,1,0,1,0,0,0,0,0,0,0,0,0,0,1,0,0,1,0,0,3,0,0,0,0,0,0,0,0,0,0,0,0,0,0,0,0,0,0,0,0
"401254",0,0,0,0,0,0,0,0,0,0,0,0,0,0,0,0,0,0,0,0,0,0,0,0,1,0,1,1,0,0,0,0,0,0,0,0,0,0,0,0,0,0,0,0,0,0,1,1,4,0,0,1,0,0,0,1,0,0,0,0,0,9,4,3,0,3,0,0,3,4,0,3,1,1,0,0,3,0,3,0,0,0,1,0,0,0,1,1,1,0,0,0,1,0,1,1,1,0,3,1,13,1,0,1,3,0,0,3,0,0,3,1,3,1,11,0,0,0,1,0,0,4,1,0,1,6,1,1,3,3,0,0,3,1,0,3,0,0,0,0,0,3,0,19,9,1,3,0,1,13,3,3,3,1,3,1,0,1,0,4,11,1,1,4,1,0,1,3,0,1,3,3,3,0,1,0,0,3,0,3,0,1,1,4,3,13,1,3,3,1,0,3,0,3,8,4,0,1,6,23,8,9,6,4,11,14,9,6,11,1,4,1,3,1,3,0,0,3,1,3,1,4,0,1,1,1,3,1,3,1,0,4,4,1,6,46,8,8,3,8,4,24,3,6,1,6,0,4,3,4,1,1,9,8,11,24,6,19,11,8,4,8,4,0,1,6,4,6,16,3,4,4,0,1,4,4,1,1,0,8,13,11,14,1,4,9,3,4,0,9,6,9,6,9,8,4,8,6,6,8,1,3,8,9,14,1,1,6,4,16,3,4,4,9,4,4,9,4,6,9,1,3,6,0,0,3,3,8,13,1,1,23,6,14,9,14,33,18,4,8,6,9,1,4,4,13,16,8,18,16,13,8,9,4,8,14,9,8,4,4,4,8,9,4,1
"404568",0,0,0,0,0,0,0,0,0,0,0,0,0,0,0,0,0,0,0,0,0,0,0,0,0,1,1,1,1,0,0,0,0,3,4,1,1,0,0,0,0,1,1,0,1,0,0,0,0,0,0,0,0,0,0,0,0,0,3,0,0,0,0,0,0,0,0,0,0,1,0,0,0,0,0,1,1,0,0,0,0,0,0,0,0,0,0,0,0,0,1,3,1,0,0,0,0,0,1,6,0,1,0,0,0,0,0,0,0,0,1,0,3,1,1,0,0,1,0,0,0,0,0,0,4,0,0,0,0,1,0,0,0,0,0,1,0,0,0,0,3,0,0,0,0,0,0,0,0,0,1,0,1,0,0,0,0,0,0,0,1,0,0,0,0,0,0,0,0,0,0,1,0,0,1,0,1,1,0,0,0,0,1,0,0,1,0,0,0,0,0,0,0,0,3,0,0,0,0,0,0,0,0,0,0,0,0,0,0,0,0,0,0,0,0,0,0,0,0,0,0,1,0,0,0,0,0,0,0,1,0,0,1,3,0,0,0,0,0,0,0,0,0,0,0,0,0,0,0,0,0,0,0,0,0,0,0,0,0,0,23,6,1,1,3,0,1,1,0,0,0,1,0,0,0,0,1,0,1,0,1,0,0,0,0,0,1,1,0,0,0,0,1,0,0,1,0,1,1,0,0,1,0,0,0,0,0,0,1,0,0,3,0,0,0,1,0,0,1,0,1,0,0,0,0,3,1,0,0,0,0,0,0,0,0,0,0,0,0,0,0,1,0,0,0,0,1,0,0,0,0,0,0,0,0,0,0,0,0,0,0,0,0,0,0
"407661",0,0,0,0,0,0,0,0,0,0,0,0,0,0,0,0,0,0,0,0,0,0,0,0,0,0,1,0,0,1,0,0,0,0,0,0,1,0,0,0,0,0,1,0,0,0,0,0,3,0,0,0,0,0,1,0,0,0,0,0,0,0,0,1,1,0,0,0,0,0,0,0,0,1,0,0,0,0,0,0,0,0,1,0,0,0,1,0,1,0,1,4,0,0,0,4,3,0,1,1,3,3,0,1,0,0,1,0,0,1,0,0,0,4,0,3,0,0,0,0,0,0,1,0,0,0,0,0,0,0,1,1,0,0,0,0,0,1,0,0,0,0,1,0,0,0,0,0,1,0,0,0,0,0,0,0,0,0,0,3,0,0,0,0,1,0,1,0,0,0,0,0,1,1,0,0,0,0,0,0,0,0,0,0,0,1,0,0,1,0,0,0,0,0,0,0,0,0,0,0,0,0,0,0,0,0,1,1,0,0,1,1,0,0,0,0,0,0,0,0,0,0,0,0,0,0,0,0,0,0,0,0,0,1,0,0,0,0,0,0,3,0,0,0,0,0,1,0,0,3,1,1,0,0,0,0,0,1,0,0,3,1,1,0,0,0,1,0,0,0,4,0,0,0,1,1,0,0,0,0,1,0,0,1,0,0,0,0,0,0,3,0,4,3,0,0,0,0,0,1,0,1,0,0,1,0,0,0,0,0,0,0,1,0,0,0,0,0,0,1,0,0,0,1,0,0,0,0,0,0,1,0,0,0,0,0,3,1,0,1,0,0,1,1,1,1,1,0,0,0,0,0,1,0,0,0,1,0,0,0,0,0,0,0,0
"421081",0,0,0,0,0,0,0,0,0,0,0,0,0,0,0,0,0,0,0,0,0,0,0,0,0,1,0,0,0,0,0,0,0,0,0,0,0,0,0,0,0,0,3,0,0,0,0,0,0,0,0,0,0,0,0,0,1,0,0,0,0,0,0,0,0,0,0,0,0,0,0,0,0,0,0,0,0,0,0,0,0,0,0,1,0,1,0,0,0,0,0,0,0,0,0,0,0,0,0,0,0,1,0,0,0,0,0,0,0,0,0,0,0,0,0,0,0,0,0,0,0,0,0,0,0,0,0,0,1,0,1,0,0,0,0,0,0,1,0,0,0,0,1,1,0,0,3,0,0,0,1,0,0,0,0,0,0,0,0,0,0,0,0,0,0,0,1,0,0,0,0,0,0,0,0,0,0,0,0,1,0,0,0,0,0,1,0,0,0,0,0,0,0,1,0,0,0,0,0,0,0,0,1,0,0,1,0,0,0,0,0,0,0,0,0,0,0,3,0,0,1,0,0,0,0,0,1,0,0,0,0,0,1,0,0,0,1,0,0,0,0,0,0,0,0,0,0,0,0,0,0,1,0,0,0,0,0,0,0,0,0,1,6,0,1,1,1,0,0,0,0,1,1,0,0,0,0,0,3,1,0,0,0,0,1,0,0,0,0,1,0,0,0,0,6,0,0,1,1,1,0,1,0,1,0,1,0,0,0,1,0,0,1,3,0,0,0,0,1,0,1,0,0,0,0,0,1,0,0,0,0,1,0,3,1,0,0,1,0,0,0,0,0,0,0,0,0,0,0,0,0,0,0,0,0,0,0,0,1,0,0,0,0,0,0
"422885",0,0,0,0,0,0,0,0,0,0,0,0,0,0,0,0,0,0,0,0,0,0,0,0,0,4,3,1,0,3,1,0,0,8,1,1,0,1,0,1,0,0,1,0,0,0,0,0,0,0,0,0,3,1,1,3,0,0,0,0,1,0,0,0,0,3,0,1,3,3,1,0,4,0,1,0,6,1,0,0,0,0,0,1,1,1,3,0,0,0,0,4,1,1,4,0,4,0,0,1,1,1,0,1,0,0,1,0,6,0,0,3,0,0,0,1,0,0,0,0,1,0,0,1,1,0,0,0,1,1,1,1,0,1,3,4,0,1,3,0,1,3,4,0,0,0,0,3,1,0,6,4,0,0,1,0,0,0,0,1,0,0,1,3,1,0,0,0,0,0,3,4,0,0,3,1,0,8,0,0,0,1,3,1,0,3,3,6,4,0,1,0,1,3,0,1,1,0,8,1,1,1,1,0,0,4,0,0,1,1,0,0,0,0,0,0,0,0,1,1,0,0,3,4,1,1,0,0,1,0,0,0,3,0,0,0,3,0,0,1,0,1,1,1,0,1,1,1,0,13,24,4,0,4,4,1,0,3,1,3,6,6,8,11,28,84,98,94,33,48,91,66,31,16,14,0,9,6,6,6,1,3,0,6,8,1,1,4,3,4,0,0,3,9,3,0,0,0,1,1,4,1,1,0,3,3,0,1,3,0,3,8,0,4,4,4,1,0,0,0,0,1,1,0,1,0,1,0,1,4,1,4,14,0,1,0,6,0,3,3,1,1,0,0,3,1,1,8,1,0,1,1,0,4,0,0,3,9,1,1,1,1,3,6,0
"423720",0,0,0,0,0,0,0,0,0,0,0,0,0,0,0,0,0,0,0,0,0,0,0,0,1,1,11,9,0,0,1,6,0,3,3,0,6,1,0,0,0,3,0,1,0,1,1,1,0,4,0,3,0,1,0,1,3,0,0,0,1,3,4,1,0,0,0,0,3,8,3,0,0,0,3,0,1,9,6,8,0,1,3,1,4,3,3,1,4,3,1,4,3,6,3,3,4,3,8,4,3,1,1,1,1,1,1,8,1,4,11,4,9,13,1,1,4,1,0,1,1,9,8,8,4,4,0,0,4,0,1,3,6,1,4,1,3,0,4,6,0,4,3,3,6,1,4,1,3,4,8,3,6,0,8,0,1,1,0,1,0,1,1,13,0,0,0,3,1,0,4,3,1,1,1,6,1,0,1,1,0,3,3,1,3,6,0,3,0,3,9,1,8,0,1,6,3,4,6,3,4,34,9,3,4,6,6,8,1,4,1,1,0,1,1,0,0,4,0,1,8,3,1,1,4,3,4,0,3,3,0,4,8,3,0,1,9,1,3,4,8,1,9,6,9,8,8,1,3,3,8,13,1,1,4,1,3,3,6,6,9,8,0,34,39,24,14,28,14,24,29,16,6,4,3,0,1,1,3,0,6,1,6,3,1,0,6,1,3,13,3,1,1,1,6,1,4,1,0,0,0,0,6,1,1,8,4,0,3,0,4,1,3,0,0,3,4,0,8,3,1,6,0,0,1,1,4,4,1,1,3,1,3,4,4,0,4,0,1,4,3,4,1,1,4,3,3,3,3,1,3,1,3,1,3,0,3,0,1,1,8,1,0,0,1
"431045",0,0,0,0,0,0,0,0,0,0,0,0,0,0,0,0,0,0,0,0,0,0,0,0,0,0,0,0,0,0,0,0,0,0,0,0,0,0,0,0,0,0,0,0,0,0,0,0,0,0,0,0,1,0,0,0,0,0,0,0,0,0,0,0,0,0,0,0,0,1,0,0,0,0,0,0,0,0,0,0,0,0,0,0,0,0,0,0,0,0,0,0,0,0,0,0,0,0,0,0,0,0,0,0,0,0,0,0,0,0,0,0,0,0,0,0,0,0,0,0,0,0,0,0,0,0,0,0,0,0,0,0,0,0,0,0,0,0,0,0,0,0,3,0,0,0,0,0,0,1,0,0,0,0,0,0,0,0,0,0,0,0,0,0,0,0,0,0,0,0,1,0,0,1,0,0,0,1,0,0,0,0,0,0,0,1,0,0,0,0,0,0,0,0,0,0,0,0,1,0,0,0,0,0,0,0,0,0,0,0,0,0,0,0,3,0,0,0,1,0,0,0,0,0,0,0,0,3,0,0,0,0,0,0,0,0,0,0,0,0,0,0,0,0,0,0,0,1,0,0,0,0,0,0,3,0,1,0,0,0,1,0,0,0,0,0,3,0,0,1,0,0,0,0,0,0,0,0,0,0,0,0,0,0,0,0,0,0,0,4,0,0,0,0,0,0,1,1,0,0,0,0,0,0,0,0,0,0,0,0,0,0,0,0,0,0,0,0,1,0,0,0,0,0,1,0,0,0,0,0,0,0,0,0,0,0,0,0,0,0,0,0,0,0,0,0,0,0,0,0,0,0,3,0,0,0,0,0,0,0,0,0,0,0,0
"433517",0,0,0,0,0,0,0,0,0,0,0,0,0,0,0,0,0,0,0,0,0,0,0,0,0,0,6,6,0,3,3,0,1,21,3,3,8,1,0,3,4,8,6,6,8,1,4,3,1,3,3,0,3,4,4,0,0,0,1,0,1,6,3,1,0,1,0,3,3,3,1,0,1,4,4,3,1,8,13,1,0,6,1,3,3,3,8,1,1,1,3,0,3,1,1,0,1,0,1,0,23,4,3,0,3,4,4,4,1,1,0,4,0,1,6,0,1,3,0,3,0,0,1,0,3,1,1,1,34,18,4,13,4,3,6,23,3,3,1,1,4,6,0,8,1,1,58,48,8,9,21,13,1,1,1,1,1,0,3,0,9,1,1,3,0,4,9,6,4,4,6,4,1,4,1,4,3,4,8,1,4,1,1,0,6,1,0,0,1,0,0,0,4,0,0,1,0,1,3,0,1,1,4,1,1,0,4,4,0,4,0,0,6,6,4,16,9,3,4,9,3,0,3,4,3,9,21,1,4,3,11,24,6,6,4,4,9,6,1,4,1,1,4,6,3,3,6,4,3,9,3,6,3,4,14,8,11,8,4,3,18,3,1,9,26,53,51,29,14,8,4,11,6,4,14,4,4,0,1,0,6,3,4,4,1,3,1,1,3,4,1,0,6,8,1,1,1,1,3,1,0,0,3,3,0,1,0,1,3,3,3,4,3,1,3,0,4,1,1,0,0,1,0,0,0,1,0,0,1,1,0,1,0,0,0,0,1,1,0,0,1,4,3,1,3,8,1,1,6,0,0,0,0,1,0,1,3,4,0,1,3,0,1,1,0
"445061",0,0,0,0,0,0,0,0,0,0,0,0,0,0,0,0,0,0,0,0,0,0,0,1,1,4,3,4,6,0,3,6,1,1,0,1,0,0,3,0,0,3,6,0,3,1,3,0,1,6,0,0,0,6,1,1,1,0,0,3,1,1,0,0,0,0,0,0,0,1,0,0,0,0,0,1,1,3,0,3,1,1,0,1,3,0,0,1,1,3,1,1,0,0,0,1,0,0,0,1,0,0,13,3,6,1,0,1,3,6,3,3,3,1,0,1,0,4,3,0,0,0,0,0,0,3,1,0,1,0,0,0,0,1,0,0,0,0,3,1,0,0,0,0,3,0,1,0,3,0,0,0,1,0,0,0,0,1,0,0,1,3,0,0,0,0,1,1,0,1,0,0,0,1,0,0,0,0,1,0,0,0,1,0,0,0,0,1,0,0,0,0,0,0,0,0,0,0,0,3,0,8,0,0,1,0,0,0,0,0,1,0,0,0,1,0,3,3,0,0,0,0,1,0,3,0,0,0,0,0,0,1,0,0,0,0,0,0,1,1,0,1,0,0,4,0,0,3,6,0,3,1,1,1,1,1,0,3,4,4,3,4,1,8,4,6,9,1,8,13,11,4,0,3,3,11,3,4,0,9,1,3,4,1,1,8,1,3,1,3,3,0,3,1,1,1,0,3,0,1,1,3,0,0,1,0,1,3,0,0,1,0,4,0,0,0,4,0,1,6,0,0,0,1,1,3,0,0,0,0,0,3,0,0,1,0,1,0,0,0,0,0,0,0,0,1,1,0,0,0,0,0,0,4,1,0,1,0,0,0,1,1,3,0,0
"days","2024-05-08 22:00:00.0","2024-05-09 22:00:00.0","2024-05-10 22:00:00.0","2024-05-11 22:00:00.0","2024-05-12 22:00:00.0","2024-05-13 22:00:00.0","2024-05-14 22:00:00.0","2024-05-15 22:00:00.0","2024-05-16 22:00:00.0","2024-05-17 22:00:00.0","2024-05-18 22:00:00.0","2024-05-19 22:00:00.0","2024-05-20 22:00:00.0","2024-05-21 22:00:00.0","2024-05-22 22:00:00.0","2024-05-23 22:00:00.0","2024-05-24 22:00:00.0","2024-05-25 22:00:00.0","2024-05-26 22:00:00.0","2024-05-27 22:00:00.0","2024-05-28 22:00:00.0","2024-05-29 22:00:00.0","2024-05-30 22:00:00.0","2024-05-31 22:00:00.0","2024-06-01 22:00:00.0","2024-06-02 22:00:00.0","2024-06-03 22:00:00.0","2024-06-04 22:00:00.0","2024-06-05 22:00:00.0","2024-06-06 22:00:00.0","2024-06-07 22:00:00.0","2024-06-08 22:00:00.0","2024-06-09 22:00:00.0","2024-06-10 22:00:00.0","2024-06-11 22:00:00.0","2024-06-12 22:00:00.0","2024-06-13 22:00:00.0","2024-06-14 22:00:00.0","2024-06-15 22:00:00.0","2024-06-16 22:00:00.0","2024-06-17 22:00:00.0","2024-06-18 22:00:00.0","2024-06-19 22:00:00.0","2024-06-20 22:00:00.0","2024-06-21 22:00:00.0","2024-06-22 22:00:00.0","2024-06-23 22:00:00.0","2024-06-24 22:00:00.0","2024-06-25 22:00:00.0","2024-06-26 22:00:00.0","2024-06-27 22:00:00.0","2024-06-28 22:00:00.0","2024-06-29 22:00:00.0","2024-06-30 22:00:00.0","2024-07-01 22:00:00.0","2024-07-02 22:00:00.0","2024-07-03 22:00:00.0","2024-07-04 22:00:00.0","2024-07-05 22:00:00.0","2024-07-06 22:00:00.0","2024-07-07 22:00:00.0","2024-07-08 22:00:00.0","2024-07-09 22:00:00.0","2024-07-10 22:00:00.0","2024-07-11 22:00:00.0","2024-07-12 22:00:00.0","2024-07-13 22:00:00.0","2024-07-14 22:00:00.0","2024-07-15 22:00:00.0","2024-07-16 22:00:00.0","2024-07-17 22:00:00.0","2024-07-18 22:00:00.0","2024-07-19 22:00:00.0","2024-07-20 22:00:00.0","2024-07-21 22:00:00.0","2024-07-22 22:00:00.0","2024-07-23 22:00:00.0","2024-07-24 22:00:00.0","2024-07-25 22:00:00.0","2024-07-26 22:00:00.0","2024-07-27 22:00:00.0","2024-07-28 22:00:00.0","2024-07-29 22:00:00.0","2024-07-30 22:00:00.0","2024-07-31 22:00:00.0","2024-08-01 22:00:00.0","2024-08-02 22:00:00.0","2024-08-03 22:00:00.0","2024-08-04 22:00:00.0","2024-08-05 22:00:00.0","2024-08-06 22:00:00.0","2024-08-07 22:00:00.0","2024-08-08 22:00:00.0","2024-08-09 22:00:00.0","2024-08-10 22:00:00.0","2024-08-11 22:00:00.0","2024-08-12 22:00:00.0","2024-08-13 22:00:00.0","2024-08-14 22:00:00.0","2024-08-15 22:00:00.0","2024-08-16 22:00:00.0","2024-08-17 22:00:00.0","2024-08-18 22:00:00.0","2024-08-19 22:00:00.0","2024-08-20 22:00:00.0","2024-08-21 22:00:00.0","2024-08-22 22:00:00.0","2024-08-23 22:00:00.0","2024-08-24 22:00:00.0","2024-08-25 22:00:00.0","2024-08-26 22:00:00.0","2024-08-27 22:00:00.0","2024-08-28 22:00:00.0","2024-08-29 22:00:00.0","2024-08-30 22:00:00.0","2024-08-31 22:00:00.0","2024-09-01 22:00:00.0","2024-09-02 22:00:00.0","2024-09-03 22:00:00.0","2024-09-04 22:00:00.0","2024-09-05 22:00:00.0","2024-09-06 22:00:00.0","2024-09-07 22:00:00.0","2024-09-08 22:00:00.0","2024-09-09 22:00:00.0","2024-09-10 22:00:00.0","2024-09-11 22:00:00.0","2024-09-12 22:00:00.0","2024-09-13 22:00:00.0","2024-09-14 22:00:00.0","2024-09-15 22:00:00.0","2024-09-16 22:00:00.0","2024-09-17 22:00:00.0","2024-09-18 22:00:00.0","2024-09-19 22:00:00.0","2024-09-20 22:00:00.0","2024-09-21 22:00:00.0","2024-09-22 22:00:00.0","2024-09-23 22:00:00.0","2024-09-24 22:00:00.0","2024-09-25 22:00:00.0","2024-09-26 22:00:00.0","2024-09-27 22:00:00.0","2024-09-28 22:00:00.0","2024-09-29 22:00:00.0","2024-09-30 22:00:00.0","2024-10-01 22:00:00.0","2024-10-02 22:00:00.0","2024-10-03 22:00:00.0","2024-10-04 22:00:00.0","2024-10-05 22:00:00.0","2024-10-06 22:00:00.0","2024-10-07 22:00:00.0","2024-10-08 22:00:00.0","2024-10-09 22:00:00.0","2024-10-10 22:00:00.0","2024-10-11 22:00:00.0","2024-10-12 22:00:00.0","2024-10-13 22:00:00.0","2024-10-14 22:00:00.0","2024-10-15 22:00:00.0","2024-10-16 22:00:00.0","2024-10-17 22:00:00.0","2024-10-18 22:00:00.0","2024-10-19 22:00:00.0","2024-10-20 22:00:00.0","2024-10-21 22:00:00.0","2024-10-22 22:00:00.0","2024-10-23 22:00:00.0","2024-10-24 22:00:00.0","2024-10-25 22:00:00.0","2024-10-26 22:00:00.0","2024-10-27 23:00:00.0","2024-10-28 23:00:00.0","2024-10-29 23:00:00.0","2024-10-30 23:00:00.0","2024-10-31 23:00:00.0","2024-11-01 23:00:00.0","2024-11-02 23:00:00.0","2024-11-03 23:00:00.0","2024-11-04 23:00:00.0","2024-11-05 23:00:00.0","2024-11-06 23:00:00.0","2024-11-07 23:00:00.0","2024-11-08 23:00:00.0","2024-11-09 23:00:00.0","2024-11-10 23:00:00.0","2024-11-11 23:00:00.0","2024-11-12 23:00:00.0","2024-11-13 23:00:00.0","2024-11-14 23:00:00.0","2024-11-15 23:00:00.0","2024-11-16 23:00:00.0","2024-11-17 23:00:00.0","2024-11-18 23:00:00.0","2024-11-19 23:00:00.0","2024-11-20 23:00:00.0","2024-11-21 23:00:00.0","2024-11-22 23:00:00.0","2024-11-23 23:00:00.0","2024-11-24 23:00:00.0","2024-11-25 23:00:00.0","2024-11-26 23:00:00.0","2024-11-27 23:00:00.0","2024-11-28 23:00:00.0","2024-11-29 23:00:00.0","2024-11-30 23:00:00.0","2024-12-01 23:00:00.0","2024-12-02 23:00:00.0","2024-12-03 23:00:00.0","2024-12-04 23:00:00.0","2024-12-05 23:00:00.0","2024-12-06 23:00:00.0","2024-12-07 23:00:00.0","2024-12-08 23:00:00.0","2024-12-09 23:00:00.0","2024-12-10 23:00:00.0","2024-12-11 23:00:00.0","2024-12-12 23:00:00.0","2024-12-13 23:00:00.0","2024-12-14 23:00:00.0","2024-12-15 23:00:00.0","2024-12-16 23:00:00.0","2024-12-17 23:00:00.0","2024-12-18 23:00:00.0","2024-12-19 23:00:00.0","2024-12-20 23:00:00.0","2024-12-21 23:00:00.0","2024-12-22 23:00:00.0","2024-12-23 23:00:00.0","2024-12-24 23:00:00.0","2024-12-25 23:00:00.0","2024-12-26 23:00:00.0","2024-12-27 23:00:00.0","2024-12-28 23:00:00.0","2024-12-29 23:00:00.0","2024-12-30 23:00:00.0","2024-12-31 23:00:00.0","2025-01-01 23:00:00.0","2025-01-02 23:00:00.0","2025-01-03 23:00:00.0","2025-01-04 23:00:00.0","2025-01-05 23:00:00.0","2025-01-06 23:00:00.0","2025-01-07 23:00:00.0","2025-01-08 23:00:00.0","2025-01-09 23:00:00.0","2025-01-10 23:00:00.0","2025-01-11 23:00:00.0","2025-01-12 23:00:00.0","2025-01-13 23:00:00.0","2025-01-14 23:00:00.0","2025-01-15 23:00:00.0","2025-01-16 23:00:00.0","2025-01-17 23:00:00.0","2025-01-18 23:00:00.0","2025-01-19 23:00:00.0","2025-01-20 23:00:00.0","2025-01-21 23:00:00.0","2025-01-22 23:00:00.0","2025-01-23 23:00:00.0","2025-01-24 23:00:00.0","2025-01-25 23:00:00.0","2025-01-26 23:00:00.0","2025-01-27 23:00:00.0","2025-01-28 23:00:00.0","2025-01-29 23:00:00.0","2025-01-30 23:00:00.0","2025-01-31 23:00:00.0","2025-02-01 23:00:00.0","2025-02-02 23:00:00.0","2025-02-03 23:00:00.0","2025-02-04 23:00:00.0","2025-02-05 23:00:00.0","2025-02-06 23:00:00.0","2025-02-07 23:00:00.0","2025-02-08 23:00:00.0","2025-02-09 23:00:00.0","2025-02-10 23:00:00.0","2025-02-11 23:00:00.0","2025-02-12 23:00:00.0","2025-02-13 23:00:00.0","2025-02-14 23:00:00.0","2025-02-15 23:00:00.0","2025-02-16 23:00:00.0","2025-02-17 23:00:00.0","2025-02-18 23:00:00.0","2025-02-19 23:00:00.0","2025-02-20 23:00:00.0","2025-02-21 23:00:00.0","2025-02-22 23:00:00.0","2025-02-23 23:00:00.0","2025-02-24 23:00:00.0","2025-02-25 23:00:00.0","2025-02-26 23:00:00.0","2025-02-27 23:00:00.0","2025-02-28 23:00:00.0","2025-03-01 23:00:00.0","2025-03-02 23:00:00.0","2025-03-03 23:00:00.0","2025-03-04 23:00:00.0","2025-03-05 23:00:00.0","2025-03-06 23:00:00.0","2025-03-07 23:00:00.0","2025-03-08 23:00:00.0","2025-03-09 23:00:00.0","2025-03-10 23:00:00.0","2025-03-11 23:00:00.0","2025-03-12 23:00:00.0","2025-03-13 23:00:00.0","2025-03-14 23:00:00.0","2025-03-15 23:00:00.0","2025-03-16 23:00:00.0","2025-03-17 23:00:00.0","2025-03-18 23:00:00.0","2025-03-19 23:00:00.0","2025-03-20 23:00:00.0","2025-03-21 23:00:00.0","2025-03-22 23:00:00.0","2025-03-23 23:00:00.0","2025-03-24 23:00:00.0","2025-03-25 23:00:00.0","2025-03-26 23:00:00.0","2025-03-27 23:00:00.0","2025-03-28 23:00:00.0","2025-03-29 23:00:00.0","2025-03-30 22:00:00.0","2025-03-31 22:00:00.0","2025-04-01 22:00:00.0","2025-04-02 22:00:00.0","2025-04-03 22:00:00.0","2025-04-04 22:00:00.0","2025-04-05 22:00:00.0","2025-04-06 22:00:00.0","2025-04-07 22:00:00.0","2025-04-08 22:00:00.0","2025-04-09 22:00:00.0","2025-04-10 22:00:00.0","2025-04-11 22:00:00.0","2025-04-12 22:00:00.0","2025-04-13 22:00:00.0","2025-04-14 22:00:00.0","2025-04-15 22:00:00.0","2025-04-16 22:00:00.0","2025-04-17 22:00:00.0","2025-04-18 22:00:00.0","2025-04-19 22:00:00.0","2025-04-20 22:00:00.0","2025-04-21 22:00:00.0","2025-04-22 22:00:00.0","2025-04-23 22:00:00.0","2025-04-24 22:00:00.0","2025-04-25 22:00:00.0","2025-04-26 22:00:00.0","2025-04-27 22:00:00.0","2025-04-28 22:00:00.0","2025-04-29 22:00:00.0","2025-04-30 22:00:00.0","2025-05-01 22:00:00.0","2025-05-02 22:00:00.0","2025-05-03 22:00:00.0","2025-05-04 22:00:00.0","2025-05-05 22:00:00.0","2025-05-06 22:00:00.0","2025-05-07 22:00:00.0"
