player	player_id	insta_follows	insta_posts	transfermarkt	footballtransfer	nationality	current_team	month	date	age	height	market_value	total_mentions	pos_mentions	neg_mentions	total_X	pos_X	neg_X	total_news	pos_news	neg_news	total_reddit	pos_reddit	neg_reddit	yellow_card	red_card	team_goals	opponent_goals	n_matches	goals_per_match	assists_per_match	shots_per_match	aerials_won_per_match	pass_success_avg	rating_avg	match_points	mins_played_avg	total_mentions_lag1	log_market_value	player_id_enc	nationality_enc	age_squared	national_team
samu aghehowa	497564.0	183000.0	41.0	50000000.0	21680000.0	Spain	FC Porto	2024-12	2024-12-01	21.0	193.0	35060936.88888889	561.5555555555555	89.33333333333333	18.444444444444443	469.44444444444446	83.88888888888889	11.88888888888889	74.33333333333333	3.888888888888889	5.888888888888889	2.2222222222222223	0.2222222222222222	0.4444444444444444	0.6666666666666666	0.1111111111111111	7.0	4.111111111111111	3.6666666666666665	0.5685555555555556	0.05555555555555555	2.474111111111111	1.7314444444444446	81.00144444444445	6.890555555555555	6.444444444444445	75.476	550.4444444444445	17.14821346522987	161.0	47.0	441.0	1
julián alvarez	365409.0	17700000.0	549.0	80000000.0	79260000.0	Argentina	Atletico Madrid	2024-12	2024-12-01	25.0	170.0	77790483.22222222	38973.555555555555	4055.3333333333335	2841.4444444444443	33326.666666666664	3342.4444444444443	2130.5555555555557	4425.555555555556	534.7777777777778	552.3333333333334	213.55555555555554	21.11111111111111	33.0	0.4444444444444444	0.0	7.666666666666667	4.111111111111111	4.333333333333333	0.4518888888888889	0.063	1.8871111111111114	0.3498888888888889	78.20433333333332	6.921222222222222	8.666666666666666	67.79433333333333	42445.666666666664	18.166433421954324	89.0	3.0	625.0	0
Mohamed Amoura	431045.0	570000.0	105.0	22000000.0	10040000.0	Algeria	Wolfsburg	2024-12	2024-12-01	25.0	170.0	16723879.0	364.44444444444446	60.333333333333336	4.666666666666667	212.11111111111111	45.666666666666664	0.2222222222222222	132.88888888888889	12.777777777777779	3.7777777777777777	3.6666666666666665	0.2222222222222222	0.2222222222222222	0.5555555555555556	0.0	5.0	4.111111111111111	2.6666666666666665	0.3794444444444445	0.3888888888888889	2.2963333333333336	0.6108888888888889	73.15755555555556	7.060555555555556	3.888888888888889	81.602	385.0	16.454483337928522	145.0	1.0	625.0	0
Taiwo Awoniyi	281049.0	363000.0	87.0	22000000.0	7410000.0	Nigeria	Nottingham Forest	2024-12	2024-12-01	27.0	183.0	13571825.888888888	3053.1111111111113	331.0	181.55555555555554	2135.1111111111113	208.55555555555554	117.66666666666667	803.1111111111111	112.0	53.55555555555556	10.88888888888889	0.5555555555555556	0.2222222222222222	0.0	0.0	4.444444444444445	2.888888888888889	2.6666666666666665	0.027777777777777776	0.0	0.5814444444444445	0.911111111111111	63.140777777777785	6.1274444444444445	5.222222222222222	25.720333333333333	3753.0	16.31914668142379	34.0	36.0	729.0	0
Folarin Balogun	384065.0	335000.0	7.0	25000000.0	18218194.0	USA	Monaco	2024-12	2024-12-01	23.0	178.0	20013862.666666668	1105.7777777777778	110.0	100.11111111111111	376.55555555555554	46.22222222222222	8.777777777777779	648.0	55.55555555555556	87.11111111111111	8.11111111111111	0.4444444444444444	0.8888888888888888	0.1111111111111111	0.0	2.3333333333333335	1.4444444444444444	1.2222222222222223	0.1	0.0	1.788888888888889	0.13333333333333333	56.23444444444445	6.291888888888889	2.5555555555555554	48.98888888888889	2124.222222222222	16.792084949297518	107.0	51.0	529.0	0
Maximilian Beier	387125.0	134000.0	84.0	30000000.0	28320000.0	Germany	Borussia Dortmund	2024-12	2024-12-01	22.0	183.0	27952429.111111112	1614.5555555555557	89.55555555555556	26.22222222222222	1227.0	55.333333333333336	5.222222222222222	329.3333333333333	27.11111111111111	15.222222222222221	7.555555555555555	0.7777777777777778	0.4444444444444444	0.4444444444444444	0.0	8.555555555555555	5.555555555555555	4.222222222222222	0.22211111111111112	0.07411111111111111	1.325888888888889	0.713	75.79911111111112	6.607444444444444	6.888888888888889	52.79266666666667	2321.222222222222	17.130498100390454	110.0	21.0	484.0	1
Ange-Yoan Bonny	447489.0	20800.0	28.0	20000000.0	11983481.0	France	Parma Calcio 1913	2024-12	2024-12-01	21.0	189.0	13354061.777777778	190.88888888888889	48.77777777777778	4.555555555555555	46.111111111111114	9.88888888888889	0.4444444444444444	134.88888888888889	37.55555555555556	3.4444444444444446	0.8888888888888888	0.1111111111111111	0.0	0.2222222222222222	0.0	3.6666666666666665	5.111111111111111	3.2222222222222223	0.2313333333333333	0.07400000000000001	1.7852222222222223	0.7001111111111111	74.023	6.611777777777778	2.888888888888889	65.54066666666667	190.11111111111111	16.09254226722078	150.0	19.0	441.0	0
Brian Brobbey	404568.0	298000.0	62.0	30000000.0	16080000.0	Netherlands	Ajax	2024-12	2024-12-01	23.0	180.0	22405299.444444444	1121.111111111111	88.77777777777777	68.22222222222223	759.3333333333334	42.111111111111114	37.0	295.1111111111111	37.22222222222222	24.0	10.777777777777779	1.0	2.0	0.6666666666666666	0.0	7.777777777777778	4.0	4.222222222222222	0.17600000000000002	0.13066666666666665	1.5701111111111112	1.6674444444444445	74.02844444444445	6.685333333333333	8.333333333333334	53.96622222222223	1286.4444444444443	16.891746771395866	126.0	34.0	529.0	1
Jonathan Burkardt	363037.0	21600.0	1.0	25000000.0	16187425.0	Germany	Mainz 05	2024-12	2024-12-01	24.0	181.0	19401247.0	342.3333333333333	50.333333333333336	17.555555555555557	93.77777777777777	17.77777777777778	0.6666666666666666	224.11111111111111	29.11111111111111	15.88888888888889	3.0	0.2222222222222222	0.0	0.0	0.0	4.888888888888889	3.2222222222222223	2.888888888888889	0.5963333333333334	0.07400000000000001	1.9185555555555556	0.7704444444444445	72.41744444444444	6.9334444444444445	5.333333333333333	65.88888888888889	339.8888888888889	16.65171613625277	85.0	21.0	576.0	1
Dominic Calvert-Lewin	141469.0	489000.0	85.0	22000000.0	12330685.0	England	Everton	2024-12	2024-12-01	28.0	187.0	13714310.333333334	4082.777777777778	219.33333333333334	371.8888888888889	1900.7777777777778	36.22222222222222	95.11111111111111	1967.3333333333333	170.22222222222223	253.33333333333334	22.22222222222222	0.8888888888888888	2.6666666666666665	0.2222222222222222	0.0	2.111111111111111	3.111111111111111	2.4444444444444446	0.18511111111111112	0.037000000000000005	2.2592222222222222	4.148111111111111	68.27233333333334	6.5842222222222215	2.5555555555555554	70.94455555555555	4717.888888888889	16.40021028687493	22.0	18.0	784.0	0
Valentín Castellanos	361406.0	344000.0	544.0	20000000.0	16810000.0	Argentina	Lazio	2024-12	2024-12-01	26.0	178.0	20570728.0	332.8888888888889	32.888888888888886	22.77777777777778	117.66666666666667	7.333333333333333	1.1111111111111112	186.55555555555554	22.0	19.77777777777778	4.888888888888889	0.4444444444444444	0.5555555555555556	0.6666666666666666	0.1111111111111111	7.0	3.4444444444444446	3.4444444444444446	0.326	0.1371111111111111	2.951888888888889	2.125888888888889	66.76	6.892222222222222	7.222222222222222	72.67777777777778	337.6666666666667	16.832321194432932	79.0	3.0	676.0	1
Santiago Castro	421081.0	104000.0	261.0	25000000.0	18075071.0	Argentina	Bologna	2024-12	2024-12-01	20.0	180.0	21819382.333333332	509.0	55.44444444444444	21.333333333333332	196.55555555555554	33.111111111111114	3.888888888888889	271.77777777777777	15.88888888888889	14.333333333333334	6.111111111111111	0.8888888888888888	0.6666666666666666	0.7777777777777778	0.0	5.888888888888889	4.777777777777778	4.0	0.23511111111111113	0.10188888888888889	1.883222222222222	1.1573333333333333	77.65377777777778	6.678555555555556	6.444444444444445	72.38155555555555	507.3333333333333	16.758589783167995	133.0	3.0	400.0	0
Matheus Cunha	362758.0	1100000.0	679.0	50000000.0	25340000.0	Brazil	Wolves	2024-12	2024-12-01	25.0	183.0	37593795.222222224	16518.11111111111	1509.0	1006.2222222222222	12628.333333333334	1095.111111111111	297.0	3577.222222222222	378.77777777777777	668.5555555555555	43.0	2.7777777777777777	3.5555555555555554	0.3333333333333333	0.0	4.333333333333333	6.222222222222222	3.0	0.5277777777777778	0.10188888888888889	3.5925555555555553	0.37044444444444447	76.02411111111111	7.325333333333333	2.4444444444444446	81.68522222222222	16658.444444444445	17.370782523647662	83.0	7.0	625.0	0
Jonathan David	383855.0	328000.0	350.0	45000000.0	35750000.0	Canada	Lille	2024-12	2024-12-01	25.0	175.0	35899647.666666664	11307.666666666666	1699.7777777777778	582.8888888888889	7901.666666666667	1263.6666666666667	296.8888888888889	2594.1111111111113	316.44444444444446	192.22222222222223	240.22222222222223	29.88888888888889	24.444444444444443	0.6666666666666666	0.0	6.333333333333333	4.333333333333333	3.888888888888889	0.5814444444444445	0.15188888888888888	2.1943333333333337	0.4852222222222222	82.3531111111111	6.987333333333334	6.777777777777778	78.00733333333334	15132.555555555555	17.390817054282124	102.0	9.0	625.0	0
Liam Delap	401254.0	235000.0	87.0	25000000.0	33000000.0	England	Ipswich	2024-12	2024-12-01	22.0	186.0	23073041.777777776	11465.222222222223	1519.5555555555557	1046.5555555555557	8304.777777777777	1240.5555555555557	683.1111111111111	2717.6666666666665	217.77777777777777	288.55555555555554	99.44444444444444	8.555555555555555	17.666666666666668	1.1111111111111112	0.0	3.3333333333333335	6.666666666666667	3.2222222222222223	0.30933333333333335	0.05	2.238888888888889	1.7241111111111111	59.805	6.6257777777777775	2.0	77.05188888888888	11470.111111111111	16.761809384957015	120.0	18.0	484.0	0
Ermedin Demirovic	351339.0	98800.0	120.0	28000000.0	23328411.0	Bosnia-Herzegovina	VfB Stuttgart	2024-12	2024-12-01	27.0	185.0	23656784.333333332	539.4444444444445	42.55555555555556	33.333333333333336	157.55555555555554	9.222222222222221	1.6666666666666667	351.44444444444446	30.88888888888889	31.11111111111111	6.333333333333333	0.0	0.1111111111111111	0.7777777777777778	0.0	7.444444444444445	8.555555555555555	4.666666666666667	0.3556666666666667	0.0	1.8684444444444444	0.8156666666666667	66.71422222222222	6.5825555555555555	6.111111111111111	60.34444444444445	570.7777777777778	16.961136867918658	73.0	6.0	729.0	1
Artem Dovbyk	296975.0	364000.0	210.0	30000000.0	31480875.0	Ukraine	Roma	2024-12	2024-12-01	27.0	189.0	30526851.0	4588.0	100.22222222222223	102.44444444444444	3627.5555555555557	35.888888888888886	10.333333333333334	809.6666666666666	49.55555555555556	77.22222222222223	8.0	0.5555555555555556	0.6666666666666666	0.2222222222222222	0.0	6.0	5.111111111111111	4.666666666666667	0.30333333333333334	0.08144444444444446	2.019111111111111	1.4222222222222223	73.53677777777779	6.595555555555555	7.111111111111111	69.03644444444444	5239.222222222223	17.229493456664077	37.0	52.0	729.0	1
Jhon Durán	433517.0	4700.0	14.0	40000000.0	36600000.0	Colombia	Al Nassr FC	2024-12	2024-12-01	21.0	185.0	26818719.666666668	35280.77777777778	4011.0	2091.0	29391.11111111111	3377.1111111111113	1404.6666666666667	5164.888888888889	530.6666666666666	578.3333333333334	132.22222222222223	13.11111111111111	17.88888888888889	0.5555555555555556	0.1111111111111111	4.555555555555555	4.333333333333333	3.2222222222222223	0.2597777777777778	0.0	1.5264444444444445	1.0228888888888887	66.12188888888889	6.328666666666667	5.111111111111111	29.79822222222222	39916.22222222222	16.933408570434345	146.0	11.0	441.0	0
Hugo Ekitiké	403784.0	593000.0	28.0	40000000.0	18610000.0	France	Eintracht Frankfurt	2024-12	2024-12-01	22.0	190.0	29442214.111111112	1238.7777777777778	136.0	33.55555555555556	756.8888888888889	80.55555555555556	11.11111111111111	432.0	46.666666666666664	18.666666666666668	7.555555555555555	0.3333333333333333	0.4444444444444444	0.2222222222222222	0.0	7.888888888888889	5.555555555555555	4.0	0.4202222222222222	0.24811111111111112	3.2036666666666664	1.4444444444444444	77.58122222222222	7.331555555555555	7.444444444444445	72.83144444444444	1233.2222222222222	17.093656930484883	123.0	19.0	484.0	1
Emanuel Emegha	400163.0	69200.0	48.0	15000000.0	18400000.0	Netherlands	Strasbourg	2024-12	2024-12-01	22.0	195.0	17727689.333333332	596.2222222222222	60.111111111111114	24.0	431.3333333333333	39.666666666666664	0.8888888888888888	153.33333333333334	18.88888888888889	22.444444444444443	1.6666666666666667	0.1111111111111111	0.2222222222222222	0.6666666666666666	0.0	4.333333333333333	2.6666666666666665	2.4444444444444446	0.4166666666666667	0.06477777777777777	2.0	1.0925555555555555	78.16199999999999	6.831111111111111	4.777777777777778	81.66666666666667	598.4444444444445	16.684448681967552	118.0	34.0	484.0	0
Youssef En-Nesyri	323547.0	2600000.0	408.0	22000000.0	16570000.0	Morocco	Fenerbahce	2024-12	2024-12-01	27.0	188.0	16006515.777777778	2381.0	93.66666666666667	46.22222222222222	1916.111111111111	40.888888888888886	13.444444444444445	398.77777777777777	44.44444444444444	29.22222222222222	2.888888888888889	0.3333333333333333	0.4444444444444444	0.5555555555555556	0.0	9.11111111111111	4.555555555555555	4.222222222222222	0.5018888888888889	0.10744444444444445	3.0999999999999996	2.625888888888889	62.653333333333336	7.032444444444445	8.777777777777779	62.851888888888894	2599.222222222222	16.582682134119793	54.0	33.0	729.0	1
Sebastiano Esposito	371397.0	410000.0	340.0	7000000.0	5088345.0	Italy	Empoli	2024-12	2024-12-01	22.0	186.0	6205602.666666667	191.33333333333334	15.777777777777779	1.3333333333333333	117.22222222222223	12.88888888888889	0.7777777777777778	54.888888888888886	1.3333333333333333	0.1111111111111111	3.4444444444444446	0.3333333333333333	0.1111111111111111	0.1111111111111111	0.0	2.3333333333333335	4.666666666666667	2.888888888888889	0.25922222222222224	0.0	1.7777777777777777	0.75	65.65733333333333	6.673333333333334	2.0	65.62033333333333	208.22222222222223	15.475243880817604	93.0	26.0	484.0	0
Evanilson	384430.0	804000.0	344.0	35000000.0	28898363.0	Brazil	Bournemouth	2024-12	2024-12-01	25.0	183.0	27807125.888888888	8504.777777777777	1134.6666666666667	1042.2222222222222	5598.0	832.4444444444445	536.3333333333334	1936.111111111111	215.0	345.6666666666667	499.1111111111111	36.666666666666664	94.0	0.1111111111111111	0.0	4.0	3.2222222222222223	2.6666666666666665	0.25922222222222224	0.0	2.2592222222222222	1.1574444444444445	69.40922222222223	6.721333333333333	4.0	65.92588888888889	8615.888888888889	17.139647501396407	108.0	7.0	625.0	0
Evan Ferguson	423720.0	240000.0	96.0	40000000.0	41301249.0	Ireland	West Ham	2024-12	2024-12-01	20.0	183.0	43848407.88888889	7540.333333333333	384.1111111111111	489.44444444444446	4942.555555555556	262.44444444444446	247.0	2195.0	77.66666666666667	178.77777777777777	108.77777777777777	9.444444444444445	16.77777777777778	0.1111111111111111	0.0	3.5555555555555554	5.666666666666667	3.2222222222222223	0.07222222222222223	0.0	0.9371111111111112	0.49622222222222223	74.55333333333334	6.223	3.7777777777777777	30.86111111111111	7800.666666666667	17.58303378992699	138.0	25.0	400.0	1
Santiago Giménez	445061.0	2000000.0	503.0	37000000.0	25820000.0	Mexico	AC Milan	2024-12	2024-12-01	24.0	182.0	30138072.222222224	11638.333333333334	854.7777777777778	236.44444444444446	10243.222222222223	740.5555555555555	83.55555555555556	1184.4444444444443	91.77777777777777	124.44444444444444	35.0	2.6666666666666665	5.111111111111111	0.5555555555555556	0.0	5.111111111111111	4.888888888888889	2.888888888888889	0.46299999999999997	0.08333333333333333	1.9258888888888888	0.8703333333333334	68.813	6.851333333333333	4.111111111111111	64.324	12008.666666666666	17.211255355504356	149.0	31.0	576.0	0
Amine Gouiri	348654.0	525000.0	166.0	20000000.0	21050000.0	France	Marseille	2024-12	2024-12-01	25.0	180.0	22883882.111111112	947.2222222222222	79.44444444444444	13.555555555555555	737.3333333333334	52.77777777777778	2.3333333333333335	185.11111111111111	23.444444444444443	8.666666666666666	1.3333333333333333	0.0	0.1111111111111111	0.2222222222222222	0.0	4.444444444444445	4.777777777777778	3.0	0.2777777777777778	0.16666666666666666	2.6758888888888888	0.37966666666666665	81.64355555555555	6.816222222222223	3.2222222222222223	63.30555555555556	945.7777777777778	16.9438704798131	71.0	19.0	625.0	0
Antoine Griezmann	80241.0	40600000.0	1278.0	22000000.0	30910000.0	France	Atletico Madrid	2024-12	2024-12-01	34.0	176.0	26760267.444444444	10492.555555555555	1004.2222222222222	574.7777777777778	7966.666666666667	669.7777777777778	369.3333333333333	2223.4444444444443	281.1111111111111	178.22222222222223	35.888888888888886	3.0	3.111111111111111	0.2222222222222222	0.0	8.0	4.444444444444445	4.555555555555555	0.32066666666666666	0.15588888888888888	1.420111111111111	0.6577777777777778	81.67211111111111	7.022555555555556	9.0	72.55688888888888	12402.0	17.036847850914995	5.0	19.0	1156.0	1
Evann Guessand	382587.0	50200.0	54.0	20000000.0	14481790.0	France	Nice	2024-12	2024-12-01	23.0	185.0	16360887.777777778	282.1111111111111	26.555555555555557	12.333333333333334	109.66666666666667	11.222222222222221	1.1111111111111112	151.44444444444446	13.222222222222221	10.666666666666666	2.2222222222222223	0.1111111111111111	0.2222222222222222	0.3333333333333333	0.0	6.333333333333333	5.333333333333333	3.7777777777777777	0.33888888888888885	0.17222222222222222	1.9166666666666667	1.0833333333333333	77.13777777777779	7.148777777777777	5.444444444444445	80.75	283.55555555555554	16.517809565029278	100.0	19.0	529.0	1
Serhou Guirassy	236506.0	459000.0	109.0	40000000.0	26521901.0	Guinea	Borussia Dortmund	2024-12	2024-12-01	29.0	187.0	27965065.888888888	6717.0	621.2222222222222	348.77777777777777	5135.444444444444	390.1111111111111	199.88888888888889	1403.111111111111	199.44444444444446	133.66666666666666	10.0	0.4444444444444444	1.5555555555555556	0.4444444444444444	0.0	7.444444444444445	6.111111111111111	3.888888888888889	0.6592222222222222	0.12966666666666668	2.9685555555555556	3.3722222222222222	76.108	7.286333333333333	5.666666666666667	83.07777777777778	8639.444444444445	17.08397362649649	26.0	23.0	841.0	0
Viktor Gyökeres	362815.0	2500000.0	154.0	75000000.0	55650000.0	Sweden	Sporting CP	2024-12	2024-12-01	26.0	187.0	52093105.333333336	36524.333333333336	4704.111111111111	601.0	32930.444444444445	4319.111111111111	305.3333333333333	2908.3333333333335	290.1111111111111	228.66666666666666	58.888888888888886	4.333333333333333	5.777777777777778	0.3333333333333333	0.0	11.222222222222221	4.444444444444445	4.444444444444445	1.1886666666666668	0.3065555555555555	4.152333333333334	1.0293333333333332	75.79644444444445	8.046333333333333	9.777777777777779	82.14155555555556	37398.333333333336	17.692173017849306	84.0	48.0	676.0	1
Erling Haaland	315227.0	37900000.0	760.0	200000000.0	149800000.0	Norway	Manchester City	2024-12	2024-12-01	24.0	194.0	163405394.44444445	129154.33333333333	20047.0	10570.222222222223	109806.55555555556	17474.444444444445	7864.0	16699.555555555555	2179.1111111111113	2422.8888888888887	276.55555555555554	24.555555555555557	31.555555555555557	0.2222222222222222	0.0	11.11111111111111	7.222222222222222	5.111111111111111	0.873	0.07611111111111112	3.982111111111111	1.7075555555555555	69.93666666666667	7.529111111111111	8.777777777777779	88.76988888888889	131151.55555555556	18.906488613753	47.0	37.0	576.0	1
Kai Havertz	326413.0	6200000.0	529.0	75000000.0	96790000.0	Germany	Arsenal	2024-12	2024-12-01	25.0	193.0	88271801.22222222	77571.0	11096.666666666666	10008.111111111111	66840.22222222222	9928.777777777777	8069.333333333333	9054.222222222223	935.4444444444445	1563.888888888889	378.44444444444446	45.55555555555556	99.88888888888889	0.5555555555555556	0.0	9.0	3.4444444444444446	4.111111111111111	0.48422222222222217	0.25666666666666665	2.4947777777777778	2.1164444444444444	78.29633333333334	7.133222222222222	8.444444444444445	83.381	90005.33333333333	18.286719568670264	56.0	21.0	625.0	1
Rasmus Højlund	439584.0	2500000.0	153.0	60000000.0	56665461.0	Denmark	Manchester United	2024-12	2024-12-01	22.0	191.0	58872203.666666664	36754.0	4242.111111111111	2657.1111111111113	29103.222222222223	3519.0	1518.111111111111	6831.555555555556	638.7777777777778	1031.3333333333333	73.77777777777777	4.333333333333333	7.666666666666667	0.2222222222222222	0.0	7.0	6.777777777777778	4.777777777777778	0.13822222222222222	0.034444444444444444	0.8591111111111112	0.5304444444444445	83.21688888888889	6.296777777777778	6.444444444444445	47.88955555555555	39341.333333333336	17.8900432714605	148.0	16.0	484.0	1
Hee-Chan Hwang	262854.0	850000.0	216.0	22000000.0	14540000.0	South Korea	Wolves	2024-12	2024-12-01	29.0	177.0	17811654.444444444	254.22222222222223	6.333333333333333	88.11111111111111	115.33333333333333	3.111111111111111	34.44444444444444	118.55555555555556	2.3333333333333335	49.666666666666664	2.5555555555555554	0.1111111111111111	0.2222222222222222	0.0	0.0	3.2222222222222223	4.666666666666667	2.2222222222222223	0.044444444444444446	0.0	0.19255555555555556	0.09255555555555556	83.18522222222222	6.052555555555555	2.0	29.11488888888889	258.0	16.6793329999091	30.0	46.0	841.0	0
Alexander Isak	299254.0	1400000.0	142.0	75000000.0	67900000.0	Sweden	Newcastle	2024-12	2024-12-01	25.0	192.0	74214891.33333333	36494.333333333336	3800.777777777778	2384.777777777778	28605.0	2967.777777777778	1256.4444444444443	7097.0	713.1111111111111	1051.5555555555557	67.11111111111111	4.777777777777778	4.777777777777778	0.1111111111111111	0.0	8.0	4.444444444444445	3.888888888888889	0.6455555555555557	0.128	2.7744444444444443	0.555	75.05877777777778	7.294888888888888	8.11111111111111	83.37622222222222	38891.333333333336	18.116131295673622	41.0	48.0	625.0	1
Nicolas Jackson	426050.0	1600000.0	150.0	55000000.0	60806441.0	Senegal	Chelsea	2024-12	2024-12-01	23.0	186.0	59387079.333333336	63826.11111111111	7843.888888888889	4729.222222222223	57671.88888888889	7117.0	3802.1111111111113	4968.222222222223	562.7777777777778	737.1111111111111	139.44444444444446	12.88888888888889	22.11111111111111	0.5555555555555556	0.0	4.666666666666667	3.3333333333333335	2.5555555555555554	0.28700000000000003	0.16666666666666666	2.3425555555555553	0.7036666666666667	73.38799999999999	6.753333333333334	4.444444444444445	69.20366666666666	66639.88888888889	17.886693290299377	142.0	42.0	529.0	0
Diogo Jota	235755.0	2500000.0	419.0	50000000.0	36600000.0	Portugal	Liverpool	2024-12	2024-12-01	28.0	178.0	43426906.11111111	16162.0	1713.4444444444443	1432.888888888889	10539.555555555555	1084.0	567.3333333333334	5059.0	551.8888888888889	786.6666666666666	82.44444444444444	5.333333333333333	8.222222222222221	0.3333333333333333	0.0	7.777777777777778	3.3333333333333335	3.5555555555555554	0.21322222222222223	0.13811111111111113	1.7337777777777776	0.911111111111111	77.126	6.590333333333334	8.0	49.504222222222225	17565.666666666668	17.56067822862049	25.0	39.0	784.0	1
Arnaud Kalimuendo	384005.0	267000.0	127.0	20000000.0	24583922.0	France	Rennes	2024-12	2024-12-01	23.0	178.0	25841332.777777776	291.55555555555554	31.444444444444443	15.555555555555555	76.77777777777777	8.777777777777779	0.0	196.66666666666666	21.555555555555557	14.666666666666666	1.8888888888888888	0.2222222222222222	0.1111111111111111	0.2222222222222222	0.0	3.888888888888889	4.111111111111111	2.888888888888889	0.4444444444444444	0.05555555555555555	2.1852222222222224	0.6666666666666666	78.01388888888889	6.711222222222222	3.2222222222222223	76.95366666666666	299.1111111111111	17.06458362537548	105.0	19.0	529.0	0
Harry Kane	83532.0	17500000.0	1622.0	90000000.0	106441739.0	England	Bayern Munich	2024-12	2024-12-01	31.0	188.0	106198349.33333333	84338.33333333333	13355.0	8984.111111111111	65575.77777777778	10329.777777777777	6646.0	13822.111111111111	2218.3333333333335	1413.3333333333333	1158.5555555555557	145.0	268.55555555555554	0.6666666666666666	0.0	12.88888888888889	4.0	4.777777777777778	0.6943333333333332	0.26866666666666666	3.474888888888889	1.0759999999999998	80.72211111111112	7.684333333333334	11.666666666666666	81.23077777777777	114118.77777777778	18.480781970097883	6.0	18.0	961.0	1
Gabriel Jesus	279379.0	22500000.0	1363.0	45000000.0	42300000.0	Brazil	Arsenal	2024-12	2024-12-01	28.0	175.0	46819216.11111111	45672.11111111111	5988.666666666667	5539.333333333333	38331.11111111111	5299.222222222223	4275.222222222223	6019.444444444444	480.77777777777777	1026.4444444444443	266.77777777777777	32.0	49.666666666666664	0.5555555555555556	0.0	5.666666666666667	2.5555555555555554	2.888888888888889	0.25911111111111107	0.037111111111111116	1.4483333333333333	0.8109999999999999	78.27199999999999	6.733888888888888	5.777777777777778	50.65544444444444	46640.77777777778	17.65886794167255	33.0	7.0	784.0	0
Moise Kean	328990.0	2600000.0	70.0	30000000.0	29670000.0	Italy	Fiorentina	2024-12	2024-12-01	25.0	183.0	28720759.111111112	3275.1111111111113	346.55555555555554	552.3333333333334	2316.222222222222	266.55555555555554	395.44444444444446	768.0	58.0	114.88888888888889	43.333333333333336	2.888888888888889	9.11111111111111	0.6666666666666666	0.0	6.222222222222222	4.222222222222222	3.6666666666666665	0.5407777777777778	0.10922222222222223	2.788888888888889	1.3222222222222222	70.93555555555555	6.996777777777778	6.111111111111111	79.28511111111112	4119.222222222223	17.157389644493442	58.0	26.0	625.0	1
Tim Kleindienst	129368.0	84000.0	301.0	120.0	11102021.0	Germany	Borussia M.Gladbach	2024-12	2024-12-01	29.0	194.0	11209566.888888888	492.0	99.44444444444444	28.444444444444443	135.11111111111111	41.0	1.5555555555555556	317.22222222222223	52.55555555555556	24.77777777777778	5.444444444444445	0.5555555555555556	0.1111111111111111	0.4444444444444444	0.1111111111111111	6.444444444444445	4.555555555555555	3.4444444444444446	0.6018888888888889	0.1481111111111111	2.6092222222222223	4.309222222222222	63.29255555555556	7.361555555555556	6.0	85.11855555555556	507.8888888888889	16.219252219299634	14.0	21.0	841.0	1
Jørgen Strand Larsen	333048.0	82100.0	88.0	27000000.0	23360000.0	Norway	Wolves	2024-12	2024-12-01	25.0	193.0	26354036.333333332	261.1111111111111	25.333333333333332	17.555555555555557	149.88888888888889	20.88888888888889	4.111111111111111	88.22222222222223	3.7777777777777777	12.333333333333334	6.222222222222222	0.1111111111111111	0.1111111111111111	0.3333333333333333	0.0	5.888888888888889	7.222222222222222	3.7777777777777777	0.37777777777777777	0.08144444444444446	1.2685555555555554	1.637	66.39533333333333	6.752	4.0	68.17411111111112	800.3333333333334	17.083951364879947	63.0	37.0	625.0	1
Lorenzo Lucca	424819.0	93300.0	79.0	18000000.0	14820000.0	Italy	Udinese	2024-12	2024-12-01	24.0	201.0	15796164.555555556	688.7777777777778	69.0	78.11111111111111	432.55555555555554	32.77777777777778	59.22222222222222	202.22222222222223	28.77777777777778	13.88888888888889	20.88888888888889	3.2222222222222223	1.8888888888888888	0.8888888888888888	0.0	4.888888888888889	5.222222222222222	3.5555555555555554	0.29255555555555557	0.037111111111111116	1.6333333333333333	1.4834444444444446	66.90933333333334	6.613111111111111	4.777777777777778	64.92033333333333	708.3333333333334	16.548086576787654	141.0	26.0	576.0	1
Romelu Lukaku	78498.0	8300000.0	60.0	25000000.0	29074005.0	Belgium	Napoli	2024-12	2024-12-01	31.0	191.0	28163603.777777776	20411.333333333332	929.6666666666666	664.7777777777778	17417.666666666668	587.5555555555555	342.22222222222223	2561.8888888888887	285.1111111111111	270.0	29.333333333333332	2.3333333333333335	3.0	0.2222222222222222	0.0	5.333333333333333	2.7777777777777777	3.4444444444444446	0.5221111111111111	0.2501111111111111	1.8128888888888888	1.0463333333333333	71.28611111111111	6.920333333333334	7.111111111111111	75.72233333333332	24834.11111111111	17.130318172148897	4.0	5.0	961.0	1
Omar Marmoush	394749.0	3400000.0	219.0	60000000.0	16750000.0	Egypt	Manchester City	2024-12	2024-12-01	26.0	183.0	34564414.777777776	39069.555555555555	3692.5555555555557	970.4444444444445	34773.333333333336	3264.4444444444443	518.7777777777778	3621.222222222222	301.77777777777777	383.44444444444446	58.77777777777778	4.666666666666667	5.333333333333333	0.3333333333333333	0.0	7.333333333333333	5.444444444444445	3.5555555555555554	0.6796666666666666	0.31855555555555554	3.2444444444444445	0.25177777777777777	82.02777777777777	7.620888888888889	6.222222222222222	72.8351111111111	38989.555555555555	17.170346157858297	114.0	17.0	676.0	1
Lautaro Martínez	299344.0	11900000.0	899.0	100000000.0	69850000.0	Argentina	Inter	2024-12	2024-12-01	27.0	174.0	78935096.1111111	19970.777777777777	3038.0	1353.4444444444443	16075.777777777777	2484.777777777778	805.6666666666666	2871.222222222222	403.44444444444446	419.6666666666667	124.11111111111111	12.555555555555555	18.0	0.1111111111111111	0.0	7.888888888888889	3.111111111111111	4.0	0.4241111111111111	0.0648888888888889	2.783333333333333	0.9926666666666668	78.41888888888889	7.178333333333334	8.88888888888889	78.40377777777778	25032.444444444445	18.1686921114282	42.0	3.0	729.0	0
Jean-Philippe Mateta	328096.0	180000.0	301.0	20000000.0	10340000.0	France	Crystal Palace	2024-12	2024-12-01	27.0	192.0	14505451.111111112	8183.222222222223	592.0	959.3333333333334	4838.222222222223	287.55555555555554	488.8888888888889	3127.4444444444443	284.8888888888889	440.8888888888889	19.77777777777778	0.6666666666666666	1.3333333333333333	0.3333333333333333	0.0	5.0	4.222222222222222	3.4444444444444446	0.6225555555555555	0.1481111111111111	2.0592222222222225	1.6132222222222223	67.18055555555556	7.1804444444444435	5.0	81.55444444444444	7907.666666666667	16.421558405608906	57.0	19.0	729.0	0
Kylian Mbappé	300713.0	124000000.0	1379.0	160000000.0	146100000.0	France	Real Madrid	2024-12	2024-12-01	26.0	178.0	149578568.1111111	212219.55555555556	32019.444444444445	14450.444444444445	192343.0	29316.88888888889	12126.444444444445	16382.888888888889	2209.8888888888887	1943.7777777777778	218.22222222222223	14.0	20.88888888888889	0.5555555555555556	0.0	10.333333333333334	5.222222222222222	4.888888888888889	0.6452222222222223	0.07888888888888888	4.298111111111111	0.15188888888888888	84.33888888888889	7.528111111111111	10.444444444444445	85.24922222222223	246967.77777777778	18.823212058502076	44.0	19.0	676.0	1
Georges Mikautadze	389020.0	296000.0	174.0	18000000.0	16007123.0	Georgia	Lyon	2024-12	2024-12-01	24.0	176.0	16390896.333333334	2098.777777777778	78.66666666666667	17.88888888888889	1626.6666666666667	46.111111111111114	1.0	426.22222222222223	27.77777777777778	15.222222222222221	4.555555555555555	0.3333333333333333	0.1111111111111111	0.2222222222222222	0.0	9.666666666666666	5.777777777777778	4.888888888888889	0.4523333333333333	0.20377777777777778	2.1243333333333334	0.44855555555555554	76.555	6.844555555555555	8.444444444444445	51.61377777777778	4041.5555555555557	16.592739096134665	111.0	20.0	576.0	1
Randal Kolo Muani	333542.0	984000.0	20.0	30000000.0	26920000.0	France	Juventus	2024-12	2024-12-01	26.0	187.0	34313274.777777776	9779.111111111111	505.22222222222223	338.8888888888889	7157.666666666667	239.77777777777777	32.666666666666664	2392.0	241.88888888888889	289.3333333333333	18.77777777777778	0.2222222222222222	1.8888888888888888	0.2222222222222222	0.0	6.444444444444445	3.5555555555555554	3.4444444444444446	0.32222222222222224	0.063	1.7555555555555555	0.8444444444444444	71.67477777777778	6.656	6.888888888888889	56.87777777777777	10405.222222222223	17.33702108467969	64.0	19.0	676.0	1
Rodrigo Muniz	403649.0	379000.0	340.0	20000000.0	7171053.0	Brazil	Fulham	2024-12	2024-12-01	24.0	178.0	7145724.888888889	2203.1111111111113	196.0	276.44444444444446	873.5555555555555	44.0	78.88888888888889	1217.111111111111	138.0	185.88888888888889	13.11111111111111	0.2222222222222222	0.8888888888888888	0.1111111111111111	0.0	4.888888888888889	4.222222222222222	3.3333333333333335	0.3095555555555556	0.027777777777777776	1.3915555555555557	1.9827777777777778	73.13255555555556	6.58	5.111111111111111	28.191777777777776	2246.4444444444443	15.751926549683024	122.0	7.0	576.0	0
Eddie Nketiah	345845.0	653000.0	65.0	25000000.0	27470000.0	England	Crystal Palace	2024-12	2024-12-01	25.0	175.0	24672247.0	22910.666666666668	1425.3333333333333	1048.888888888889	19932.444444444445	1132.4444444444443	797.7777777777778	2573.0	234.55555555555554	197.88888888888889	54.666666666666664	4.444444444444445	9.555555555555555	0.4444444444444444	0.0	3.7777777777777777	3.2222222222222223	2.5555555555555554	0.12966666666666668	0.018555555555555558	1.8796666666666668	1.1111111111111112	69.375	6.573666666666666	4.0	48.76855555555556	23472.444444444445	17.003330465534855	70.0	18.0	625.0	0
Christopher Nkunku	300945.0	2700000.0	395.0	50000000.0	28930000.0	France	Chelsea	2024-12	2024-12-01	27.0	178.0	37126474.666666664	26800.222222222223	4262.444444444444	1194.0	21981.777777777777	3832.3333333333335	689.8888888888889	4435.777777777777	385.8888888888889	463.1111111111111	33.666666666666664	0.8888888888888888	2.111111111111111	0.2222222222222222	0.0	6.666666666666667	4.111111111111111	3.4444444444444446	0.1511111111111111	0.043666666666666666	1.1203333333333334	0.7337777777777778	85.867	6.540333333333333	6.222222222222222	46.76244444444444	27642.444444444445	17.41367318833373	45.0	19.0	729.0	1
Darwin Núñez	400828.0	4500000.0	153.0	65000000.0	44990000.0	Uruguay	Liverpool	2024-12	2024-12-01	25.0	187.0	55884585.0	44366.77777777778	3674.0	8964.666666666666	36702.11111111111	2951.8888888888887	7625.0	6187.222222222223	564.0	1023.8888888888889	356.77777777777777	27.88888888888889	78.88888888888889	0.8888888888888888	0.0	9.666666666666666	3.888888888888889	4.222222222222222	0.18255555555555555	0.11588888888888887	1.301111111111111	0.6571111111111111	71.94344444444444	6.579666666666666	10.0	43.66455555555555	48383.555555555555	17.831459807492006	119.0	53.0	625.0	0
Loïs Openda	363618.0	254000.0	146.0	60000000.0	62740000.0	Belgium	RB Leipzig	2024-12	2024-12-01	25.0	177.0	60732325.222222224	1581.5555555555557	157.0	52.77777777777778	786.0	14.444444444444445	14.11111111111111	719.5555555555555	134.0	32.111111111111114	6.888888888888889	0.5555555555555556	0.5555555555555556	0.5555555555555556	0.1111111111111111	5.777777777777778	6.111111111111111	4.444444444444445	0.31622222222222224	0.15844444444444444	2.7430000000000003	0.7504444444444444	70.05433333333333	6.792777777777777	5.333333333333333	78.358	2146.777777777778	17.921818593410315	87.0	5.0	625.0	1
Victor Osimhen	298510.0	6100000.0	346.0	75000000.0	57100000.0	Nigeria	Galatasaray	2024-12	2024-12-01	26.0	185.0	64841274.11111111	140273.55555555556	18155.777777777777	6339.111111111111	131636.88888888888	17202.777777777777	5498.333333333333	6121.333333333333	619.4444444444445	559.6666666666666	60.22222222222222	4.0	6.111111111111111	0.6666666666666666	0.0	7.777777777777778	4.333333333333333	3.2222222222222223	0.9166666666666666	0.213	5.027777777777778	3.203777777777778	64.66944444444444	7.749	7.222222222222222	78.86111111111111	149140.88888888888	17.985238988234258	38.0	36.0	676.0	1
Orri Óskarsson	428066.0	31500.0	57.0	20000000.0	19566955.0	Iceland	Real Sociedad	2024-12	2024-12-01	20.0	186.0	18969866.0	702.3333333333334	24.444444444444443	46.77777777777778	391.3333333333333	12.88888888888889	2.2222222222222223	289.77777777777777	9.222222222222221	43.888888888888886	3.888888888888889	0.6666666666666666	0.3333333333333333	0.2222222222222222	0.0	5.0	5.777777777777778	4.111111111111111	0.3135555555555556	0.0	1.282111111111111	1.4074444444444445	58.14533333333333	6.488777777777778	5.111111111111111	48.43855555555555	702.7777777777778	16.728996522613734	144.0	24.0	400.0	1
Mikel Oyarzabal	298839.0	271000.0	340.0	35000000.0	29429924.0	Spain	Real Sociedad	2024-12	2024-12-01	28.0	181.0	32047126.0	3254.1111111111113	648.2222222222222	218.44444444444446	1111.2222222222222	428.6666666666667	6.777777777777778	2019.3333333333333	199.88888888888889	202.66666666666666	6.666666666666667	0.8888888888888888	0.6666666666666666	0.7777777777777778	0.1111111111111111	6.555555555555555	5.222222222222222	4.888888888888889	0.319	0.05666666666666667	1.3651111111111112	0.8407777777777778	77.94544444444445	6.5585555555555555	7.666666666666667	60.55622222222222	3614.5555555555557	17.261566335745187	40.0	47.0	784.0	1
Vangelis Pavlidis	330514.0	149000.0	201.0	23000000.0	20550000.0	Greece	Benfica	2024-12	2024-12-01	26.0	186.0	21933204.0	1690.888888888889	318.22222222222223	149.77777777777777	1006.5555555555555	226.0	13.11111111111111	632.4444444444445	85.88888888888889	130.22222222222223	2.6666666666666665	0.0	0.3333333333333333	0.5555555555555556	0.0	10.777777777777779	4.888888888888889	5.111111111111111	0.4072222222222222	0.12511111111111112	2.2306666666666666	0.8487777777777779	74.32344444444443	6.929555555555556	10.777777777777779	64.29555555555555	2036.7777777777778	16.89997422590453	60.0	22.0	676.0	1
Ricardo Pepi	377466.0	112000.0	168.0	18000000.0	7510000.0	USA	PSV Eindhoven	2024-12	2024-12-01	22.0	185.0	11183037.666666666	2491.777777777778	280.22222222222223	170.33333333333334	1625.2222222222222	178.0	83.77777777777777	737.2222222222222	86.44444444444444	74.33333333333333	29.555555555555557	2.2222222222222223	2.7777777777777777	0.1111111111111111	0.0	8.222222222222221	3.3333333333333335	2.7777777777777777	0.4722222222222222	0.1388888888888889	1.4	0.40555555555555556	77.98333333333333	6.880888888888888	6.222222222222222	29.977777777777778	2927.5555555555557	16.14436345096358	96.0	51.0	484.0	0
Andrea Pinamonti	317544.0	249000.0	800.0	16000000.0	11580000.0	Italy	Genoa	2024-12	2024-12-01	25.0	188.0	13805768.444444444	2.4444444444444446	0.0	0.1111111111111111	0.1111111111111111	0.0	0.0	1.2222222222222223	0.0	0.1111111111111111	0.0	0.0	0.0	0.3333333333333333	0.0	2.888888888888889	4.0	3.2222222222222223	0.3036666666666667	0.037000000000000005	2.238888888888889	2.603666666666667	69.01277777777779	6.671111111111111	3.7777777777777777	78.79633333333334	2.888888888888889	16.430535461685793	50.0	26.0	625.0	0
Joël Piroe	369542.0	77100.0	264.0	14000000.0	11750000.0	Netherlands	Leeds	2024-12	2024-12-01	25.0	181.0	13886110.777777778	1414.0	140.44444444444446	109.66666666666667	554.6666666666666	53.333333333333336	43.111111111111114	788.3333333333334	74.0	55.111111111111114	11.11111111111111	0.7777777777777778	2.2222222222222223	0.1111111111111111	0.0	8.666666666666666	3.3333333333333335	4.444444444444445	0.34444444444444444	0.12222222222222223	2.1926666666666663	0.6444444444444445	74.59744444444443	6.865333333333333	9.0	66.21855555555555	1428.2222222222222	16.440974531923818	92.0	34.0	625.0	0
Gonçalo Ramos	395802.0	768000.0	147.0	50000000.0	33630000.0	Portugal	Paris Saint-Germain	2024-12	2024-12-01	23.0	185.0	38977921.88888889	1589.3333333333333	71.55555555555556	130.55555555555554	778.4444444444445	18.11111111111111	41.77777777777778	730.1111111111111	45.77777777777778	76.22222222222223	13.333333333333334	0.7777777777777778	2.0	0.0	0.0	7.666666666666667	2.5555555555555554	2.6666666666666665	0.27222222222222225	0.40744444444444444	1.2945555555555555	0.9167777777777777	62.04555555555555	6.845666666666667	6.666666666666667	33.75011111111111	2141.4444444444443	17.475187822716588	115.0	39.0	529.0	1
Mateo Retegui	349521.0	354000.0	341.0	35000000.0	17560000.0	Italy	Atalanta	2024-12	2024-12-01	26.0	186.0	22610564.333333332	3156.0	319.1111111111111	152.77777777777777	1767.4444444444443	80.88888888888889	39.44444444444444	1273.4444444444443	221.33333333333334	101.77777777777777	7.0	0.3333333333333333	0.3333333333333333	0.2222222222222222	0.0	10.777777777777779	5.444444444444445	5.0	0.5356666666666666	0.07877777777777778	2.407888888888889	1.2087777777777777	78.36133333333333	6.849333333333333	9.333333333333334	60.73488888888889	3381.0	16.81022856660419	72.0	26.0	676.0	1
Richarlison	317804.0	21700000.0	1309.0	30000000.0	25780000.0	Brazil	Tottenham	2024-12	2024-12-01	27.0	184.0	30544551.0	23290.222222222223	2106.777777777778	5515.444444444444	17896.666666666668	1684.7777777777778	4520.666666666667	3298.222222222222	222.77777777777777	439.44444444444446	927.4444444444445	81.44444444444444	284.22222222222223	0.1111111111111111	0.0	3.111111111111111	2.0	1.5555555555555556	0.07222222222222223	0.2222222222222222	0.5944444444444444	0.9777777777777779	75.8138888888889	6.560666666666666	2.7777777777777777	38.28888888888889	24237.0	17.230757435837027	51.0	7.0	729.0	1
Vitor Roque	437157.0	3400000.0	510.0	20000000.0	30210000.0	Brazil	Palmeiras	2024-12	2024-12-01	20.0	174.0	30209685.333333332	17702.11111111111	1110.7777777777778	913.1111111111111	16218.222222222223	1001.0	734.2222222222222	804.2222222222222	46.55555555555556	59.55555555555556	151.77777777777777	8.11111111111111	20.555555555555557	0.4444444444444444	0.0	3.3333333333333335	3.3333333333333335	2.5555555555555554	0.14622222222222223	0.0	1.7112222222222222	0.5406666666666666	80.15733333333333	6.377111111111112	3.6666666666666665	61.611111111111114	18594.777777777777	17.218771917439827	147.0	7.0	400.0	0
Georginio Rutter	362433.0	106000.0	157.0	32000000.0	37410000.0	France	Brighton	2024-12	2024-12-01	23.0	182.0	35881952.44444445	3806.222222222222	318.0	377.44444444444446	1804.111111111111	114.33333333333333	73.88888888888889	1867.111111111111	187.88888888888889	283.6666666666667	15.444444444444445	0.5555555555555556	0.8888888888888888	0.2222222222222222	0.0	5.333333333333333	5.333333333333333	3.3333333333333335	0.15733333333333333	0.12966666666666668	1.6111111111111112	0.8518888888888889	68.08144444444444	6.584666666666667	5.0	63.62044444444445	3916.222222222222	17.384215933839673	81.0	19.0	529.0	0
Patrik Schick	243565.0	418000.0	450.0	22000000.0	13150000.0	Czech Republic	Bayer Leverkusen	2024-12	2024-12-01	29.0	191.0	16952447.0	1452.4444444444443	146.88888888888889	46.111111111111114	805.3333333333334	77.22222222222223	13.777777777777779	587.2222222222222	59.333333333333336	27.88888888888889	7.888888888888889	0.6666666666666666	0.1111111111111111	0.5555555555555556	0.0	8.777777777777779	5.444444444444445	4.0	0.6018888888888889	0.0	2.057444444444444	1.4222222222222223	75.99355555555556	6.8548888888888895	7.888888888888889	47.87222222222223	2037.7777777777778	16.628454698045328	27.0	14.0	841.0	1
Benjamin Sesko	424191.0	248000.0	104.0	50000000.0	59430000.0	Slovenia	RB Leipzig	2024-12	2024-12-01	21.0	195.0	55069346.222222224	9938.555555555555	1319.3333333333333	376.8888888888889	7805.0	1148.888888888889	164.22222222222223	1891.6666666666667	140.22222222222223	191.33333333333334	26.11111111111111	2.2222222222222223	2.3333333333333335	0.1111111111111111	0.1111111111111111	5.888888888888889	6.111111111111111	4.666666666666667	0.3947777777777778	0.1667777777777778	2.3546666666666667	2.3715555555555556	65.38422222222222	7.001222222222221	6.0	76.63633333333333	14312.222222222223	17.81951327164811	139.0	44.0	441.0	1
Fábio Silva	380655.0	317000.0	167.0	18000000.0	12415544.0	Portugal	Las Palmas	2024-12	2024-12-01	22.0	185.0	14212803.666666666	490.22222222222223	17.666666666666668	8.222222222222221	377.55555555555554	10.777777777777779	3.111111111111111	61.55555555555556	5.0	3.6666666666666665	3.6666666666666665	0.3333333333333333	0.6666666666666666	0.8888888888888888	0.0	3.111111111111111	3.888888888888889	2.4444444444444446	0.3257777777777778	0.09255555555555556	2.025888888888889	2.1962222222222225	66.58566666666667	6.737888888888889	2.6666666666666665	76.10377777777778	528.4444444444445	16.426046642795313	98.0	39.0	484.0	1
Dominic Solanke	136459.0	1200000.0	342.0	45000000.0	57910000.0	England	Tottenham	2024-12	2024-12-01	27.0	187.0	53785810.222222224	19449.333333333332	1303.888888888889	1452.4444444444443	12055.0	760.7777777777778	316.8888888888889	6908.555555555556	501.0	1067.0	49.888888888888886	2.0	4.333333333333333	0.0	0.0	7.555555555555555	5.444444444444445	3.7777777777777777	0.25177777777777777	0.28544444444444445	2.143	1.6268888888888888	72.4718888888889	6.9495555555555555	5.555555555555555	78.11177777777777	20057.11111111111	17.79918106590165	19.0	18.0	729.0	1
Alexander Sørloth	302497.0	418000.0	390.0	25000000.0	29020037.0	Norway	Atletico Madrid	2024-12	2024-12-01	29.0	195.0	28774722.555555556	3508.5555555555557	905.6666666666666	84.0	2412.777777777778	766.8888888888889	18.555555555555557	965.3333333333334	120.0	56.22222222222222	10.666666666666666	0.8888888888888888	0.1111111111111111	0.4444444444444444	0.0	9.666666666666666	4.666666666666667	4.666666666666667	0.3491111111111111	0.09133333333333332	1.6785555555555556	2.257888888888889	69.58377777777778	6.818444444444444	9.666666666666666	43.55555555555556	3565.4444444444443	17.168705552816693	46.0	37.0	841.0	1
Mathys Tel	422885.0	739000.0	108.0	30000000.0	33040000.0	France	Tottenham	2024-12	2024-12-01	20.0	183.0	37182729.55555555	31873.88888888889	1902.6666666666667	1274.0	28657.444444444445	1738.111111111111	932.6666666666666	2795.3333333333335	123.33333333333333	287.44444444444446	107.66666666666667	7.888888888888889	14.0	0.0	0.0	4.555555555555555	2.2222222222222223	1.8888888888888888	0.0	0.05555555555555555	1.351888888888889	0.19444444444444445	84.64355555555555	6.392222222222222	3.2222222222222223	46.02777777777778	31977.0	17.423641051175924	137.0	19.0	400.0	1
Marcus Thuram	296322.0	2200000.0	234.0	75000000.0	41830000.0	France	Inter	2024-12	2024-12-01	27.0	192.0	50966216.777777776	5557.444444444444	613.3333333333334	315.1111111111111	3906.6666666666665	416.3333333333333	125.44444444444444	1327.0	161.22222222222223	150.55555555555554	35.44444444444444	2.5555555555555554	4.0	0.2222222222222222	0.0	9.444444444444445	3.888888888888889	4.777777777777778	0.4132222222222222	0.07155555555555555	1.941	1.3083333333333333	74.86188888888888	7.148666666666666	10.666666666666666	65.447	8239.444444444445	17.732652185512727	36.0	19.0	729.0	1
El Bilal Touré	391527.0	2500000.0	40.0	20000000.0	9480000.0	Mali	VfB Stuttgart	2024-12	2024-12-01	23.0	185.0	12234754.333333334	591.7777777777778	24.555555555555557	19.88888888888889	404.44444444444446	14.222222222222221	2.2222222222222223	155.55555555555554	7.666666666666667	16.0	5.777777777777778	0.4444444444444444	0.5555555555555556	0.0	0.0	2.888888888888889	3.111111111111111	1.6666666666666667	0.07222222222222223	0.022222222222222223	0.9777777777777779	1.8464444444444443	78.03355555555555	6.321555555555555	2.0	37.44244444444444	604.5555555555555	16.29252213038133	113.0	30.0	529.0	0
Konstantin Tyukavin	404327.0	28200.0	158.0	16000000.0	21797467.0	Russia	Dinamo Moscow	2024-12	2024-12-01	22.0	174.0	22014259.777777776	7.888888888888889	0.7777777777777778	0.2222222222222222	0.7777777777777778	0.1111111111111111	0.0	6.333333333333333	0.6666666666666666	0.2222222222222222	0.0	0.0	0.0	0.0	0.0	3.5555555555555554	2.111111111111111	1.8888888888888888	0.48144444444444445	0.19444444444444445	2.3795555555555556	0.5371111111111111	78.46577777777777	6.9013333333333335	3.3333333333333335	69.22222222222223	8.666666666666666	16.90567360949375	125.0	40.0	484.0	0
Stefanos Tzimas	519565.0	47200.0	54.0	10000000.0	1038794.0	Greece	Nuernberg	2024-12	2024-12-01	19.0	186.0	1282654.3333333333	1467.6666666666667	51.77777777777778	24.666666666666668	889.6666666666666	42.77777777777778	2.2222222222222223	550.8888888888889	7.444444444444445	20.88888888888889	2.6666666666666665	0.1111111111111111	0.1111111111111111	0.4444444444444444	0.1111111111111111	4.777777777777778	3.7777777777777777	2.5555555555555554	0.5741111111111111	0.10177777777777779	2.536888888888889	0.39811111111111114	65.89722222222223	6.985111111111111	4.222222222222222	72.79622222222221	1469.3333333333333	13.770050451025405	166.0	22.0	361.0	0
Deniz Undav	357091.0	286000.0	44.0	28000000.0	11760000.0	Germany	VfB Stuttgart	2024-12	2024-12-01	28.0	179.0	13396004.888888888	1627.4444444444443	284.22222222222223	66.55555555555556	840.8888888888889	161.22222222222223	11.444444444444445	708.7777777777778	113.0	49.44444444444444	8.777777777777779	0.0	0.6666666666666666	0.4444444444444444	0.0	5.111111111111111	5.444444444444445	3.2222222222222223	0.2258888888888889	0.059222222222222225	2.329555555555556	0.6963333333333332	69.82966666666667	6.499555555555555	4.222222222222222	59.39266666666666	1810.3333333333333	16.377087319325103	78.0	21.0	784.0	1
Dusan Vlahovic	315369.0	2300000.0	95.0	60000000.0	56550000.0	Serbia	Juventus	2024-12	2024-12-01	25.0	190.0	50496346.55555555	6028.777777777777	406.77777777777777	312.44444444444446	3911.4444444444443	176.33333333333334	75.11111111111111	1869.2222222222222	197.88888888888889	211.44444444444446	18.88888888888889	0.5555555555555556	1.3333333333333333	0.4444444444444444	0.0	6.222222222222222	3.6666666666666665	4.0	0.39633333333333337	0.1111111111111111	2.7777777777777777	1.4036666666666666	66.54299999999999	6.733444444444444	7.222222222222222	67.2518888888889	6692.111111111111	17.731295288589827	48.0	43.0	625.0	1
Elye Wahi	407661.0	149000.0	70.0	25000000.0	44600000.0	France	Eintracht Frankfurt	2024-12	2024-12-01	22.0	184.0	36885139.88888889	1292.3333333333333	61.44444444444444	40.55555555555556	913.4444444444445	42.44444444444444	10.666666666666666	323.55555555555554	15.11111111111111	22.22222222222222	10.222222222222221	0.6666666666666666	2.3333333333333335	0.2222222222222222	0.0	4.444444444444445	3.3333333333333335	2.111111111111111	0.18511111111111112	0.037000000000000005	1.0925555555555555	0.2776666666666667	68.85744444444444	6.277333333333334	3.6666666666666665	37.166666666666664	1300.6666666666667	17.40674246628005	128.0	19.0	484.0	1
Ollie Watkins	148503.0	946000.0	84.0	55000000.0	58490000.0	England	Aston Villa	2024-12	2024-12-01	29.0	180.0	60348088.0	40129.666666666664	6844.555555555556	3250.222222222222	29615.0	5464.0	1971.888888888889	9501.222222222223	1217.6666666666667	1120.2222222222222	201.88888888888889	27.22222222222222	35.666666666666664	0.0	0.0	7.444444444444445	6.111111111111111	4.666666666666667	0.36577777777777776	0.22788888888888892	2.1576666666666666	1.1734444444444445	73.56655555555555	6.6801111111111116	8.11111111111111	70.47988888888888	41793.666666666664	17.915379739679924	24.0	18.0	841.0	1
Yoane Wissa	296240.0	200000.0	203.0	28000000.0	16060000.0	DR Congo	Brentford	2024-12	2024-12-01	28.0	176.0	21249281.666666668	5390.333333333333	726.5555555555555	364.1111111111111	3222.3333333333335	488.1111111111111	53.77777777777778	2025.6666666666667	217.44444444444446	299.3333333333333	11.666666666666666	1.4444444444444444	0.8888888888888888	0.2222222222222222	0.0	5.111111111111111	4.666666666666667	3.2222222222222223	0.5722222222222223	0.05	2.1295555555555556	0.8888888888888888	82.178	6.962	4.555555555555555	76.70366666666666	5390.333333333333	16.83447531148275	35.0	15.0	784.0	0
Joshua Zirkzee	383956.0	1500000.0	96.0	42000000.0	41095718.0	Netherlands	Manchester United	2024-12	2024-12-01	23.0	193.0	39190354.222222224	76108.22222222222	16009.111111111111	3523.5555555555557	66484.55555555556	15151.333333333334	2298.222222222222	8775.444444444445	748.2222222222222	1126.3333333333333	71.44444444444444	4.222222222222222	4.111111111111111	0.2222222222222222	0.0	8.555555555555555	6.777777777777778	5.111111111111111	0.13622222222222222	0.043666666666666666	1.0016666666666667	0.5866666666666667	72.93211111111111	6.416111111111111	7.444444444444445	51.577333333333335	88739.33333333333	17.463206341548705	103.0	34.0	529.0	1
George Ilenikhena	470978.0	34100.0	73.0	15000000.0	22010000.0	France	Monaco	2024-12	2024-12-01	18.0	185.0	23491489.111111112	1087.3333333333333	228.77777777777777	22.333333333333332	779.4444444444445	200.11111111111111	3.3333333333333335	270.22222222222223	22.77777777777778	16.666666666666668	3.3333333333333335	0.5555555555555556	0.1111111111111111	0.0	0.0	5.777777777777778	3.6666666666666665	2.888888888888889	0.13333333333333333	0.05	0.7	0.5944444444444444	60.221666666666664	6.248777777777778	5.0	24.950000000000003	1100.2222222222222	16.963624049279353	155.0	19.0	324.0	0
Manfred Ugalde	422782.0	67600.0	4.0	15000000.0	13070000.0	Costa Rica	Spartak Moscow	2024-12	2024-12-01	22.0	173.0	14896470.222222222	205.33333333333334	11.444444444444445	1.7777777777777777	163.44444444444446	6.777777777777778	0.1111111111111111	25.11111111111111	2.4444444444444446	1.0	1.2222222222222223	0.2222222222222222	0.1111111111111111	0.2222222222222222	0.0	4.222222222222222	1.5555555555555556	2.2222222222222223	0.9185555555555555	0.07411111111111111	3.2814444444444444	1.9666666666666666	68.80222222222223	7.652555555555556	4.555555555555555	83.95933333333333	236.88888888888889	16.502066734631523	135.0	12.0	484.0	0
Boulaye Dia	365122.0	187000.0	58.0	15000000.0	5420000.0	Senegal	Lazio	2024-12	2024-12-01	28.0	180.0	9268688.555555556	616.6666666666666	35.22222222222222	36.77777777777778	318.55555555555554	16.444444444444443	4.888888888888889	267.6666666666667	15.444444444444445	30.11111111111111	3.4444444444444446	0.2222222222222222	0.5555555555555556	0.2222222222222222	0.0	7.444444444444445	4.333333333333333	4.111111111111111	0.25366666666666665	0.05555555555555555	1.0425555555555555	0.5222222222222223	81.65333333333334	6.6290000000000004	8.0	59.24988888888889	638.6666666666666	15.948259266403682	88.0	42.0	784.0	1
Zeki Amdouni	424624.0	140000.0	84.0	15000000.0	11127612.0	Switzerland	Benfica	2024-12	2024-12-01	24.0	185.0	13046884.555555556	576.8888888888889	68.77777777777777	23.77777777777778	323.8888888888889	35.666666666666664	1.5555555555555556	233.77777777777777	31.555555555555557	21.333333333333332	1.5555555555555556	0.0	0.1111111111111111	0.3333333333333333	0.0	9.555555555555555	5.333333333333333	4.444444444444445	0.27722222222222226	0.03811111111111111	1.7682222222222221	0.6777777777777777	80.07177777777777	6.76	8.222222222222221	36.65455555555556	753.0	16.35123440893669	140.0	49.0	576.0	1
Josh Sargent	367480.0	96700.0	28.0	13000000.0	10467109.0	USA	Norwich	2024-12	2024-12-01	25.0	185.0	11547269.444444444	1592.111111111111	189.0	150.44444444444446	778.6666666666666	110.77777777777777	64.55555555555556	690.7777777777778	62.77777777777778	69.0	26.0	3.888888888888889	3.5555555555555554	0.3333333333333333	0.0	4.444444444444445	3.6666666666666665	2.7777777777777777	0.46299999999999997	0.23522222222222222	1.9426666666666665	0.7795555555555556	83.66799999999999	6.934	3.7777777777777777	79.46855555555555	1817.5555555555557	16.213101114940752	90.0	51.0	625.0	0
Jonas Wind	353565.0	54100.0	158.0	13000000.0	12188112.0	Denmark	Wolfsburg	2024-12	2024-12-01	26.0	190.0	12937546.111111112	215.77777777777777	27.666666666666668	9.88888888888889	64.44444444444444	9.88888888888889	1.7777777777777777	131.77777777777777	16.0	7.222222222222222	5.666666666666667	0.5555555555555556	0.3333333333333333	0.2222222222222222	0.0	5.333333333333333	4.222222222222222	3.2222222222222223	0.25	0.08333333333333333	1.1555555555555557	2.440666666666667	68.3831111111111	6.66311111111111	5.0	52.525888888888886	436.3333333333333	16.374320488846507	74.0	16.0	676.0	1
Ché Adams	256419.0	130000.0	79.0	15000000.0	7900000.0	Scotland	Torino	2024-12	2024-12-01	28.0	175.0	11054537.0	1522.5555555555557	197.0	99.66666666666667	880.2222222222222	152.11111111111111	29.88888888888889	519.3333333333334	31.666666666666668	50.0	25.88888888888889	2.7777777777777777	5.888888888888889	0.3333333333333333	0.0	3.888888888888889	4.111111111111111	3.5555555555555554	0.24822222222222223	0.09622222222222224	1.5611111111111111	0.9241111111111111	73.27055555555556	6.583666666666667	4.444444444444445	69.45555555555556	2691.3333333333335	16.183267858719844	29.0	41.0	784.0	1
Simon Banza	300483.0	167000.0	60.0	15000000.0	6010000.0	France	Trabzonspor	2024-12	2024-12-01	28.0	189.0	9802691.888888888	106.88888888888889	10.777777777777779	4.222222222222222	50.77777777777778	6.333333333333333	0.7777777777777778	27.88888888888889	2.0	2.111111111111111	1.8888888888888888	0.1111111111111111	0.2222222222222222	0.4444444444444444	0.0	4.666666666666667	3.3333333333333335	2.6666666666666665	0.6018888888888889	0.14800000000000002	2.018555555555556	2.287111111111111	73.70822222222222	6.934888888888889	3.6666666666666665	77.12966666666667	125.22222222222223	16.02932218533723	43.0	19.0	784.0	0
Tammy Abraham	317506.0	2600000.0	95.0	20000000.0	15327224.0	England	AC Milan	2024-12	2024-12-01	27.0	190.0	16320679.222222222	8990.0	1056.0	747.7777777777778	7492.444444444444	879.3333333333334	571.1111111111111	1235.6666666666667	135.55555555555554	125.88888888888889	67.77777777777777	6.777777777777778	12.777777777777779	0.1111111111111111	0.0	5.777777777777778	4.333333333333333	3.7777777777777777	0.10555555555555556	0.17588888888888887	1.0574444444444444	1.4365555555555556	70.55555555555556	6.510666666666666	6.222222222222222	38.08411111111111	9560.444444444445	16.589297865359967	49.0	18.0	729.0	0
Robert Lewandowski	29400.0	37700000.0	2271.0	15000000.0	23802154.0	Poland	Barcelona	2024-12	2024-12-01	36.0	185.0	23454894.777777776	37526.22222222222	7536.555555555556	1027.5555555555557	31627.555555555555	6451.888888888889	553.2222222222222	5065.0	907.6666666666666	397.55555555555554	67.11111111111111	9.222222222222221	6.666666666666667	0.1111111111111111	0.0	13.222222222222221	5.555555555555555	4.888888888888889	0.787	0.07544444444444444	3.247333333333333	1.3134444444444444	75.68122222222222	7.265444444444444	10.88888888888889	76.664	39816.555555555555	16.94945476856298	1.0	38.0	1296.0	1
Semih Kiliçsoy	457171.0	1100000.0	65.0	15000000.0	13424133.0	Turkey	Besiktas	2024-12	2024-12-01	19.0	178.0	14572004.0	284.1111111111111	54.44444444444444	14.777777777777779	149.77777777777777	28.22222222222222	3.4444444444444446	73.66666666666667	5.555555555555555	7.555555555555555	9.88888888888889	1.4444444444444444	1.1111111111111112	0.5555555555555556	0.1111111111111111	5.666666666666667	4.888888888888889	3.888888888888889	0.12955555555555553	0.12966666666666668	1.2444444444444445	0.6277777777777778	73.8678888888889	6.471555555555556	6.111111111111111	44.13322222222222	399.22222222222223	16.45309032006789	152.0	50.0	361.0	1
Cameron Archer	382363.0	97000.0	10.0	14000000.0	15640000.0	England	Southampton	2024-12	2024-12-01	23.0	181.0	16628646.333333334	2890.777777777778	256.3333333333333	275.44444444444446	1390.3333333333333	47.111111111111114	64.66666666666667	1357.0	195.11111111111111	185.33333333333334	30.11111111111111	2.4444444444444446	4.333333333333333	0.0	0.0	3.0	8.0	3.2222222222222223	0.12966666666666668	0.0	1.0185555555555554	0.24077777777777776	79.775	6.232666666666667	1.3333333333333333	43.43511111111111	2949.4444444444443	16.623868429804446	99.0	18.0	529.0	0
Kévin Denkey	332814.0	520000.0	118.0	14000000.0	9607592.0	France	FC Cincinnati	2024-12	2024-12-01	24.0	181.0	10538766.111111112	620.7777777777778	58.22222222222222	10.555555555555555	428.77777777777777	36.44444444444444	3.888888888888889	157.77777777777777	16.555555555555557	5.0	7.222222222222222	0.6666666666666666	0.7777777777777778	0.3333333333333333	0.0	2.7777777777777777	3.3333333333333335	2.3333333333333335	0.6777777777777777	0.037000000000000005	2.8777777777777778	2.303777777777778	71.913	6.875	2.888888888888889	78.02955555555555	631.7777777777778	16.062278594771087	61.0	19.0	576.0	0
Nikola Krstović	404252.0	51000.0	425.0	6000000.0	7450000.0	Montenegro	Lecce	2024-12	2024-12-01	25.0	185.0	8922798.888888888	217.22222222222223	44.888888888888886	9.333333333333334	71.0	39.111111111111114	0.6666666666666666	133.22222222222223	4.333333333333333	8.333333333333334	0.8888888888888888	0.0	0.0	0.5555555555555556	0.0	3.2222222222222223	6.555555555555555	4.222222222222222	0.37033333333333335	0.08888888888888889	4.2555555555555555	2.4703333333333335	68.23755555555556	6.902555555555555	3.7777777777777777	85.29622222222221	220.33333333333334	15.993508139242543	124.0	32.0	625.0	1
Adam Armstrong	136460.0	75000.0	360.0	16000000.0	10770000.0	England	West Bromwich Albion	2024-12	2024-12-01	28.0	172.0	11887056.222222222	2121.3333333333335	189.77777777777777	221.55555555555554	1097.0	83.44444444444444	75.88888888888889	872.5555555555555	88.11111111111111	120.55555555555556	42.333333333333336	3.5555555555555554	6.222222222222222	0.6666666666666666	0.0	2.888888888888889	6.111111111111111	3.4444444444444446	0.1647777777777778	0.04633333333333334	1.4906666666666668	0.3407777777777778	84.43655555555556	6.327555555555556	2.5555555555555554	66.60922222222221	2177.1111111111113	16.28139890934253	20.0	18.0	784.0	0
Jhon Córdoba	136904.0	269000.0	242.0	14000000.0	7928253.0	Colombia	FC Krasnodar	2024-12	2024-12-01	31.0	188.0	8657449.0	335.8888888888889	71.77777777777777	64.55555555555556	23.88888888888889	2.6666666666666665	2.0	290.6666666666667	66.88888888888889	61.0	2.3333333333333335	0.4444444444444444	0.1111111111111111	0.4444444444444444	0.1111111111111111	3.7777777777777777	1.2222222222222223	1.8888888888888888	0.37022222222222223	0.11100000000000002	3.388777777777778	1.962888888888889	73.10744444444444	7.045555555555556	4.222222222222222	88.59266666666667	513.5555555555555	15.871671060025884	21.0	11.0	961.0	0
Tolu Arokodare	402056.0	68600.0	264.0	9000000.0	2720000.0	Nigeria	Genk	2024-12	2024-12-01	24.0	197.0	6487790.888888889	436.8888888888889	130.66666666666666	7.0	294.77777777777777	110.44444444444444	1.6666666666666667	101.33333333333333	14.777777777777779	3.5555555555555554	0.5555555555555556	0.0	0.1111111111111111	0.2222222222222222	0.0	6.555555555555555	3.6666666666666665	3.3333333333333335	0.5963333333333334	0.15544444444444444	3.8962222222222227	3.650111111111111	77.41844444444445	7.287	7.777777777777778	76.76488888888889	453.6666666666667	15.375674748525809	121.0	36.0	576.0	0
Kasper Dolberg	322163.0	366000.0	251.0	13000000.0	8810000.0	Denmark	Anderlecht	2024-12	2024-12-01	27.0	187.0	11514181.111111112	111.33333333333333	9.555555555555555	8.444444444444445	40.333333333333336	1.6666666666666667	2.0	56.77777777777778	6.666666666666667	5.555555555555555	3.5555555555555554	0.3333333333333333	0.4444444444444444	0.4444444444444444	0.0	5.777777777777778	3.888888888888889	3.7777777777777777	0.3095555555555556	0.03177777777777777	1.8464444444444443	0.7538888888888889	78.47944444444444	6.648777777777777	6.0	63.46566666666667	153.44444444444446	16.23836601035644	53.0	16.0	729.0	1
Enes Ünal	134695.0	241000.0	450.0	13000000.0	9080000.0	Turkey	Bournemouth	2024-12	2024-12-01	27.0	187.0	11819698.888888888	1242.7777777777778	88.44444444444444	154.66666666666666	661.4444444444445	31.88888888888889	59.666666666666664	497.3333333333333	50.22222222222222	86.88888888888889	12.555555555555555	1.3333333333333333	1.8888888888888888	0.2222222222222222	0.0	2.7777777777777777	2.111111111111111	2.0	0.037000000000000005	0.022222222222222223	1.1147777777777776	1.1295555555555556	74.51188888888889	6.1995555555555555	3.2222222222222223	18.977777777777778	1269.6666666666667	16.258685855429356	17.0	50.0	729.0	1
Álvaro Morata	91213.0	23100000.0	1566.0	13000000.0	16297544.0	Spain	Galatasaray	2024-12	2024-12-01	32.0	190.0	16684511.666666666	14781.111111111111	1799.888888888889	1167.0	11321.444444444445	1482.6666666666667	755.2222222222222	3129.5555555555557	282.55555555555554	355.3333333333333	39.666666666666664	4.555555555555555	4.333333333333333	1.2222222222222223	0.0	6.222222222222222	3.888888888888889	3.6666666666666665	0.29733333333333334	0.08333333333333333	1.517777777777778	1.0666666666666667	76.12633333333333	6.733111111111111	7.0	63.28622222222222	17761.222222222223	16.619214067449906	7.0	47.0	1024.0	1
Luciano Gondou	410663.0	46500.0	112.0	12000000.0	9580000.0	Argentina	Zenit St. Petersburg	2024-12	2024-12-01	23.0	189.0	10308180.777777778	79.22222222222223	5.444444444444445	17.0	14.444444444444445	1.5555555555555556	1.3333333333333333	61.0	3.4444444444444446	14.88888888888889	0.6666666666666666	0.1111111111111111	0.0	0.3333333333333333	0.0	3.2222222222222223	1.4444444444444444	1.7777777777777777	0.48144444444444445	0.05555555555555555	3.0926666666666667	1.6111111111111112	73.93333333333334	7.0328888888888885	3.5555555555555554	62.59255555555555	89.88888888888889	16.09451979285537	130.0	3.0	529.0	0
Matthis Abline	414249.0	31400.0	51.0	9000000.0	10726738.0	France	Nantes	2024-12	2024-12-01	22.0	176.0	10733623.222222222	121.88888888888889	7.0	20.77777777777778	30.333333333333332	1.2222222222222223	0.0	83.33333333333333	5.444444444444445	20.555555555555557	0.5555555555555556	0.0	0.0	0.2222222222222222	0.0	3.4444444444444446	5.111111111111111	3.0	0.21288888888888888	0.08333333333333333	2.361111111111111	1.6296666666666666	65.79444444444444	6.656000000000001	3.0	81.72211111111112	139.11111111111111	16.158985023606398	131.0	19.0	484.0	0
Tiago Tomás	395850.0	108000.0	939.0	9000000.0	12407631.0	Portugal	Wolfsburg	2024-12	2024-12-01	22.0	180.0	13352467.222222222	163.88888888888889	15.444444444444445	9.88888888888889	58.22222222222222	8.555555555555555	0.3333333333333333	91.11111111111111	6.0	8.0	4.555555555555555	0.3333333333333333	0.3333333333333333	0.6666666666666666	0.0	4.888888888888889	4.444444444444445	2.888888888888889	0.19444444444444445	0.037000000000000005	1.4444444444444444	0.37033333333333335	72.36111111111111	6.677888888888889	3.888888888888889	67.98144444444443	164.22222222222223	16.401909439284886	116.0	39.0	484.0	0
Thijs Dallinga	379687.0	37100.0	82.0	12000000.0	15342841.0	Netherlands	Bologna	2024-12	2024-12-01	24.0	180.0	14715717.333333334	320.8888888888889	13.333333333333334	29.666666666666668	165.0	2.6666666666666665	0.3333333333333333	140.88888888888889	8.777777777777779	28.555555555555557	2.4444444444444446	0.2222222222222222	0.1111111111111111	0.1111111111111111	0.0	5.222222222222222	3.7777777777777777	3.5555555555555554	0.059222222222222225	0.0	0.9222222222222223	0.7555555555555555	67.30000000000001	6.214333333333333	5.777777777777778	31.470333333333333	332.1111111111111	16.503679709935696	97.0	34.0	576.0	0
Kyogo Furuhashi	421333.0	294000.0	534.0	14000000.0	1100000.0	Japan	Rennes	2024-12	2024-12-01	30.0	170.0	3391976.111111111	3649.6666666666665	297.1111111111111	231.44444444444446	2057.6666666666665	166.55555555555554	12.777777777777779	1480.4444444444443	113.88888888888889	204.22222222222223	10.0	1.5555555555555556	1.0	0.0	0.0	8.333333333333334	3.111111111111111	3.7777777777777777	0.25	0.08333333333333333	1.8702222222222222	0.16666666666666666	48.486111111111114	6.544333333333333	8.333333333333334	48.925888888888885	3732.777777777778	14.673672128114942	134.0	28.0	900.0	0
Arthur Cabral	355666.0	366000.0	202.0	12000000.0	11340000.0	Brazil	Benfica	2024-12	2024-12-01	27.0	186.0	13136103.111111112	338.0	8.777777777777779	47.22222222222222	233.66666666666666	3.3333333333333335	32.666666666666664	73.55555555555556	3.7777777777777777	9.88888888888889	8.333333333333334	0.7777777777777778	1.6666666666666667	0.2222222222222222	0.1111111111111111	5.555555555555555	2.888888888888889	2.6666666666666665	0.09255555555555556	0.0	1.113	0.5703333333333334	35.580555555555556	6.297222222222222	5.0	14.494444444444447	353.0	16.387377928571954	76.0	7.0	729.0	0
Patson Daka	345560.0	305000.0	320.0	12000000.0	10720000.0	Zambia	Leicester	2024-12	2024-12-01	26.0	183.0	12104292.444444444	956.2222222222222	113.44444444444444	100.77777777777777	473.55555555555554	74.77777777777777	32.111111111111114	406.3333333333333	31.88888888888889	57.77777777777778	8.777777777777779	0.3333333333333333	1.4444444444444444	0.0	0.0	1.2222222222222223	4.111111111111111	1.7777777777777777	0.022222222222222223	0.0	0.948111111111111	0.47777777777777775	64.38444444444445	6.085555555555555	0.7777777777777778	31.577777777777776	994.1111111111111	16.305125070945742	69.0	54.0	676.0	0
Gorka Guruzeta	362602.0	51800.0	347.0	15000000.0	7420000.0	Spain	Athletic Club	2024-12	2024-12-01	28.0	188.0	9971443.888888888	235.0	30.22222222222222	30.666666666666668	39.888888888888886	2.111111111111111	1.3333333333333333	182.88888888888889	27.444444444444443	28.0	0.8888888888888888	0.0	0.0	0.2222222222222222	0.0	6.888888888888889	3.5555555555555554	4.111111111111111	0.18333333333333335	0.10555555555555557	1.6091111111111112	1.076	77.24066666666667	6.539888888888889	7.888888888888889	51.94433333333333	236.55555555555554	16.056970142298024	82.0	47.0	784.0	1
Breel Embolo	143695.0	426000.0	100.0	12000000.0	10236045.0	Switzerland	Monaco	2024-12	2024-12-01	28.0	187.0	10826502.444444444	603.2222222222222	40.77777777777778	51.666666666666664	101.44444444444444	7.777777777777778	4.111111111111111	471.6666666666667	29.444444444444443	44.666666666666664	4.666666666666667	0.2222222222222222	0.2222222222222222	0.7777777777777778	0.0	6.444444444444445	6.222222222222222	4.222222222222222	0.18322222222222223	0.14822222222222223	1.7388888888888887	1.4666666666666668	70.06588888888888	6.617666666666667	6.0	66.77966666666667	1972.5555555555557	16.196271027489413	23.0	49.0	784.0	1
Niclas Füllkrug	104058.0	774000.0	287.0	15000000.0	14746265.0	Germany	West Ham	2024-12	2024-12-01	32.0	189.0	14297098.666666666	5379.0	323.0	301.6666666666667	3173.8888888888887	95.77777777777777	26.444444444444443	2059.3333333333335	216.88888888888889	261.77777777777777	11.333333333333334	0.7777777777777778	0.8888888888888888	0.2222222222222222	0.0	1.6666666666666667	2.2222222222222223	1.3333333333333333	0.6888888888888889	0.022222222222222223	2.088888888888889	2.2	72.82666666666667	7.027777777777778	1.5555555555555556	63.583333333333336	7070.333333333333	16.47290881143345	9.0	21.0	1024.0	1
Cristiano Ronaldo	5583.0	654000000.0	3887.0	12000000.0	7354062.0	Portugal	Al Nassr FC	2024-12	2024-12-01	40.0	187.0	7576022.555555556	572338.1111111111	142562.22222222222	38792.333333333336	546012.6666666666	137507.11111111112	36195.555555555555	15602.222222222223	2438.4444444444443	1410.4444444444443	941.7777777777778	149.22222222222223	188.77777777777777	0.1111111111111111	0.0	1.6666666666666667	0.7777777777777778	0.7777777777777778	1.1666666666666667	0.4444444444444444	4.666666666666667	0.5555555555555556	84.45555555555555	7.894444444444444	1.7777777777777777	89.55555555555556	702232.2222222222	15.83957924146361	0.0	39.0	1600.0	1
Vladyslav Vanat	410504.0	18800.0	8.0	11000000.0	8587432.0	Ukraine	Dynamo Kyiv	2024-12	2024-12-01	23.0	182.0	9471353.555555556	78.77777777777777	8.333333333333334	2.4444444444444446	11.666666666666666	2.2222222222222223	0.0	63.111111111111114	6.0	2.4444444444444446	0.3333333333333333	0.0	0.0	0.1111111111111111	0.0	1.2222222222222223	3.0	1.3333333333333333	0.2962222222222222	0.0	0.9815555555555555	0.8704444444444444	82.43511111111111	6.396222222222223	0.7777777777777778	61.27777777777778	100.77777777777777	16.0276135531706	129.0	52.0	529.0	1
Mateo Cassierra	322162.0	60300.0	39.0	11000000.0	5580000.0	Colombia	Zenit St. Petersburg	2024-12	2024-12-01	28.0	184.0	7546960.777777778	5.333333333333333	1.0	0.4444444444444444	1.2222222222222223	0.0	0.0	2.5555555555555554	0.2222222222222222	0.3333333333333333	0.0	0.0	0.0	0.0	0.0	4.0	1.5555555555555556	2.2222222222222223	0.24433333333333332	0.137	2.903777777777778	1.5222222222222224	85.907	6.912888888888889	4.444444444444445	74.65922222222223	6.888888888888889	15.807349719068412	52.0	11.0	784.0	0
Francesco Camarda	510527.0	458000.0	76.0	10000000.0	10280460.0	Italy	AC Milan	2024-12	2024-12-01	17.0	184.0	9754599.111111112	1562.0	282.22222222222223	86.44444444444444	1355.888888888889	266.55555555555554	59.111111111111114	167.66666666666666	11.333333333333334	24.11111111111111	6.666666666666667	0.5555555555555556	0.3333333333333333	0.1111111111111111	0.0	2.111111111111111	1.8888888888888888	1.4444444444444444	0.0	0.0	0.4261111111111111	0.35177777777777774	58.06277777777778	6.059	2.111111111111111	11.722222222222221	1803.6666666666667	15.977098231185968	164.0	26.0	289.0	0
Gift Orban	472995.0	846000.0	108.0	10000000.0	11550000.0	Nigeria	Hoffenheim	2024-12	2024-12-01	22.0	178.0	13213506.777777778	1838.111111111111	107.0	51.0	1491.7777777777778	66.77777777777777	27.88888888888889	251.22222222222223	32.888888888888886	14.222222222222221	12.0	1.1111111111111112	2.4444444444444446	0.2222222222222222	0.0	2.0	3.2222222222222223	1.7777777777777777	0.34255555555555556	0.0	1.101888888888889	0.42588888888888893	68.275	6.3694444444444445	1.6666666666666667	54.083333333333336	1990.7777777777778	16.39194972245808	156.0	36.0	484.0	1
Matías Fernández-Pardo	475462.0	9434.0	15.0	10000000.0	13322259.0	Brussel	Lille	2024-12	2024-12-01	20.0	185.0	11225444.777777778	103.88888888888889	6.333333333333333	4.222222222222222	40.55555555555556	1.5555555555555556	0.1111111111111111	55.77777777777778	4.555555555555555	3.6666666666666665	1.5555555555555556	0.0	0.1111111111111111	0.4444444444444444	0.0	3.7777777777777777	2.6666666666666665	2.6666666666666665	0.12222222222222223	0.05	0.6555555555555556	0.18888888888888888	80.56166666666667	6.420333333333334	4.555555555555555	34.666666666666664	112.22222222222223	16.084218752822377	157.0	8.0	400.0	0
Isaac Romero	492362.0	62400.0	217.0	15000000.0	7809841.0	Spain	Sevilla	2024-12	2024-12-01	24.0	184.0	8231004.111111111	307.1111111111111	54.55555555555556	14.88888888888889	40.55555555555556	3.888888888888889	3.3333333333333335	217.77777777777777	23.88888888888889	9.222222222222221	1.6666666666666667	0.2222222222222222	0.3333333333333333	0.8888888888888888	0.0	3.111111111111111	4.0	2.7777777777777777	0.10188888888888889	0.07400000000000001	1.8795555555555556	1.0185555555555554	75.58611111111111	6.4319999999999995	3.111111111111111	77.00933333333334	315.1111111111111	15.664366097605258	160.0	47.0	576.0	0
Thomas Cannon	463991.0	34400.0	35.0	6000000.0	5058708.0	Ireland	Sheffield United	2024-12	2024-12-01	22.0	180.0	6387591.666666667	83.0	1.6666666666666667	13.777777777777779	27.0	0.8888888888888888	2.6666666666666665	32.333333333333336	0.5555555555555556	3.5555555555555554	4.555555555555555	0.0	1.3333333333333333	0.3333333333333333	0.0	4.333333333333333	4.555555555555555	3.7777777777777777	0.17722222222222223	0.04633333333333334	1.8003333333333333	1.5874444444444444	67.54866666666666	6.347444444444444	5.111111111111111	62.59122222222223	101.88888888888889	15.496664553803056	154.0	25.0	484.0	1
Hugo Duro	354526.0	125000.0	260.0	12000000.0	12605561.0	Spain	Valencia	2024-12	2024-12-01	25.0	177.0	12692845.777777778	580.8888888888889	111.66666666666667	60.666666666666664	253.22222222222223	48.666666666666664	24.11111111111111	267.22222222222223	55.111111111111114	21.444444444444443	10.444444444444445	1.3333333333333333	2.2222222222222223	0.3333333333333333	0.0	2.4444444444444446	4.111111111111111	2.4444444444444446	0.25	0.08333333333333333	1.574111111111111	2.0	74.951	6.527444444444445	2.111111111111111	72.1481111111111	590.3333333333334	16.355115525787195	75.0	47.0	625.0	0
Youssoufa Moukoko	406701.0	1900000.0	43.0	18000000.0	13720000.0	Germany	Nice	2024-12	2024-12-01	20.0	179.0	15299999.888888888	2671.777777777778	558.5555555555555	132.44444444444446	2461.1111111111113	543.3333333333334	115.88888888888889	168.55555555555554	9.777777777777779	11.333333333333334	4.0	0.6666666666666666	0.4444444444444444	0.0	0.0	3.2222222222222223	3.111111111111111	2.111111111111111	0.1111111111111111	0.08333333333333333	0.9518888888888889	0.12033333333333333	84.96144444444445	6.310888888888889	2.4444444444444446	27.47411111111111	2693.3333333333335	16.53660159749782	127.0	21.0	400.0	1
Josh Maja	325156.0	60800.0	32.0	7000000.0	1470000.0	Nigeria	West Bromwich Albion	2024-12	2024-12-01	26.0	181.0	4038734.777777778	814.5555555555555	142.11111111111111	51.22222222222222	481.0	100.33333333333333	16.77777777777778	281.77777777777777	35.44444444444444	27.555555555555557	5.333333333333333	0.4444444444444444	0.7777777777777778	0.2222222222222222	0.0	3.5555555555555554	2.3333333333333335	2.888888888888889	0.7222222222222222	0.04633333333333334	2.429666666666667	1.1388888888888888	71.17811111111111	7.224777777777778	4.444444444444445	79.29811111111111	819.5555555555555	14.885881172611484	55.0	36.0	676.0	0
Ayoze Pérez	135366.0	248000.0	758.0	10000000.0	8120000.0	Spain	Villarreal	2024-12	2024-12-01	31.0	178.0	8997259.333333334	892.2222222222222	95.88888888888889	67.88888888888889	384.0	51.333333333333336	17.22222222222222	445.22222222222223	37.666666666666664	45.111111111111114	12.222222222222221	0.8888888888888888	1.5555555555555556	0.5555555555555556	0.0	4.666666666666667	3.4444444444444446	2.6666666666666665	0.5092222222222222	0.1111111111111111	2.6666666666666665	0.3333333333333333	81.94999999999999	7.010999999999999	4.777777777777778	58.79633333333334	1284.0	16.010745886329744	18.0	47.0	961.0	1
Neal Maupay	119822.0	202000.0	245.0	12000000.0	7170000.0	France	Marseille	2024-12	2024-12-01	28.0	173.0	8737809.555555556	3752.6666666666665	111.44444444444444	537.5555555555555	2944.1111111111113	68.11111111111111	435.22222222222223	694.0	36.0	72.22222222222223	23.77777777777778	1.3333333333333333	6.555555555555555	0.1111111111111111	0.1111111111111111	3.5555555555555554	3.0	2.2222222222222223	0.15733333333333333	0.14822222222222223	0.8056666666666668	0.20355555555555557	74.78422222222223	6.261555555555556	3.6666666666666665	41.333333333333336	4248.777777777777	15.967889367283028	11.0	19.0	784.0	0
Chris Wood	73380.0	144000.0	145.0	7000000.0	4651884.0	New Zealand	Nottingham Forest	2024-12	2024-12-01	33.0	191.0	4892866.888888889	19869.0	3348.3333333333335	2150.777777777778	14711.777777777777	2659.1111111111113	1378.0	3794.1111111111113	459.3333333333333	541.0	522.0	81.77777777777777	108.11111111111111	0.1111111111111111	0.0	5.444444444444445	3.888888888888889	3.2222222222222223	0.5462222222222223	0.07411111111111111	1.8704444444444444	2.750111111111111	67.5398888888889	6.993222222222222	6.0	81.77777777777777	20001.11111111111	15.254995267316936	3.0	35.0	1089.0	0
Jay Stansfield	390214.0	40600.0	34.0	9000000.0	9061151.0	England	Birmingham	2024-12	2024-12-01	22.0	187.0	9755682.888888888	2095.3333333333335	310.0	140.44444444444446	1426.7777777777778	253.0	82.77777777777777	527.5555555555555	36.666666666666664	39.44444444444444	11.88888888888889	1.7777777777777777	1.4444444444444444	0.6666666666666666	0.0	5.555555555555555	2.3333333333333335	3.4444444444444446	0.6573333333333333	0.06477777777777777	2.8463333333333334	0.16666666666666666	61.72033333333334	6.914444444444445	7.666666666666667	74.16855555555556	2113.5555555555557	16.090854985024848	112.0	18.0	484.0	0
Troy Parrott	384064.0	125000.0	100.0	7500000.0	4915752.0	Ireland	AZ Alkmaar	2024-12	2024-12-01	23.0	185.0	6141289.888888889	1420.7777777777778	202.33333333333334	90.77777777777777	760.5555555555555	140.77777777777777	31.666666666666668	479.0	48.55555555555556	46.0	18.555555555555557	2.5555555555555554	3.4444444444444446	0.1111111111111111	0.0	8.222222222222221	6.666666666666667	4.888888888888889	0.5058888888888888	0.06622222222222222	2.631222222222222	1.0796666666666668	72.07777777777778	7.013444444444445	8.11111111111111	75.42266666666666	1521.3333333333333	15.433069490107906	106.0	25.0	529.0	1
Wilson Isidor	363535.0	43800.0	122.0	4000000.0	900000.0	France	Sunderland	2024-12	2024-12-01	24.0	186.0	2479070.111111111	1619.7777777777778	177.66666666666666	197.11111111111111	981.2222222222222	77.66666666666667	119.11111111111111	565.6666666666666	88.44444444444444	67.22222222222223	5.444444444444445	0.6666666666666666	0.8888888888888888	1.0	0.0	6.111111111111111	4.111111111111111	4.222222222222222	0.263	0.07411111111111111	2.1074444444444445	0.7593333333333333	66.93555555555555	6.598222222222223	7.666666666666667	65.84433333333334	1612.6666666666667	14.353776411892799	86.0	19.0	576.0	0
Borja Mayoral	278721.0	912000.0	780.0	9000000.0	13163551.0	Spain	Getafe	2024-12	2024-12-01	28.0	182.0	13201141.666666666	181.77777777777777	10.444444444444445	17.88888888888889	40.333333333333336	3.111111111111111	5.333333333333333	52.55555555555556	4.222222222222222	7.888888888888889	2.888888888888889	0.3333333333333333	0.3333333333333333	0.0	0.0	2.111111111111111	1.5555555555555556	1.6666666666666667	0.16666666666666666	0.05555555555555555	0.6111111111111112	0.9444444444444444	76.65277777777777	6.322555555555556	2.6666666666666665	39.916666666666664	208.77777777777777	16.372005131890873	32.0	47.0	784.0	0
Fedor Chalov	298702.0	116000.0	139.0	9000000.0	9049345.0	Russia	PAOK Thessaloniki FC	2024-12	2024-12-01	27.0	180.0	9384393.666666666	101.77777777777777	0.7777777777777778	0.4444444444444444	81.77777777777777	0.1111111111111111	0.0	84.33333333333333	0.3333333333333333	0.2222222222222222	0.8888888888888888	0.0	0.0	0.0	0.0	1.3333333333333333	1.3333333333333333	1.0	0.16666666666666666	0.05555555555555555	0.5555555555555556	0.3888888888888889	74.99444444444445	6.323888888888889	1.1111111111111112	42.0	101.88888888888889	16.05354567980507	39.0	40.0	729.0	1
Haji Wright	338274.0	48700.0	64.0	8500000.0	6733419.0	USA	Coventry	2024-12	2024-12-01	27.0	193.0	7269537.888888889	1153.6666666666667	114.88888888888889	94.0	581.5555555555555	61.666666666666664	35.55555555555556	674.0	72.0	45.888888888888886	22.22222222222222	2.111111111111111	3.5555555555555554	0.1111111111111111	0.0	3.5555555555555554	3.5555555555555554	2.4444444444444446	0.540888888888889	0.14800000000000002	2.4555555555555557	2.0444444444444443	64.7958888888889	7.247111111111112	3.111111111111111	73.23888888888888	1406.6666666666667	15.768591097961568	66.0	51.0	729.0	0
Charalampos Kostoulas	533923.0	55200.0	39.0	3000000.0	2285804.0	Greece	Olympiacos	2024-12	2024-12-01	17.0	185.0	3770870.4444444445	289.3333333333333	22.88888888888889	1.0	247.66666666666666	19.11111111111111	0.1111111111111111	255.77777777777777	19.77777777777778	0.1111111111111111	1.6666666666666667	0.3333333333333333	0.0	0.1111111111111111	0.0	0.6666666666666666	0.6666666666666666	0.8888888888888888	0.0	0.1111111111111111	1.4444444444444444	2.5	62.38333333333334	6.483333333333333	1.3333333333333333	48.666666666666664	289.77777777777777	14.442707337061835	167.0	22.0	289.0	1
Ayase Ueda	377288.0	281000.0	156.0	8000000.0	8320000.0	Japan	Feyenoord	2024-12	2024-12-01	26.0	182.0	8631783.444444444	254.11111111111111	26.444444444444443	22.88888888888889	116.88888888888889	16.555555555555557	2.6666666666666665	131.44444444444446	18.22222222222222	3.6666666666666665	2.3333333333333335	0.0	0.1111111111111111	0.0	0.0	4.666666666666667	3.5555555555555554	2.3333333333333335	0.41300000000000003	0.037000000000000005	1.3184444444444443	1.161111111111111	76.68088888888889	6.594222222222222	3.888888888888889	52.03322222222222	274.1111111111111	15.970348096392115	95.0	28.0	676.0	0
Ante Crnac	499034.0	43000.0	11.0	8000000.0	7550000.0	Croatia	Norwich	2024-12	2024-12-01	21.0	189.0	7575862.0	462.44444444444446	41.0	59.333333333333336	181.22222222222223	28.444444444444443	7.0	204.55555555555554	29.22222222222222	11.222222222222221	1.3333333333333333	0.0	0.0	0.3333333333333333	0.0	6.555555555555555	6.0	4.222222222222222	0.1888888888888889	0.08155555555555555	0.9962222222222223	0.6852222222222222	73.33033333333333	6.618666666666666	5.666666666666667	65.74066666666666	460.55555555555554	15.688234695537188	162.0	13.0	441.0	0
Franjo Ivanovic	499993.0	24600.0	57.0	4000000.0	3090000.0	Austria	Union St.Gilloise	2024-12	2024-12-01	21.0	185.0	3937397.888888889	134.44444444444446	37.44444444444444	3.5555555555555554	87.55555555555556	35.333333333333336	1.4444444444444444	94.55555555555556	35.666666666666664	1.6666666666666667	0.8888888888888888	0.1111111111111111	0.0	0.4444444444444444	0.0	6.555555555555555	3.6666666666666665	4.111111111111111	0.4241111111111111	0.11866666666666667	3.011111111111111	0.5222222222222223	74.73055555555555	7.157888888888888	7.333333333333333	73.85555555555555	134.22222222222223	14.953680618589907	163.0	4.0	441.0	1
Anastasios Douvikas	422873.0	21800.0	165.0	5000000.0	7660000.0	Greece	Como	2024-12	2024-12-01	25.0	186.0	7526754.444444444	41.55555555555556	3.2222222222222223	1.6666666666666667	5.0	0.4444444444444444	0.0	7.222222222222222	0.5555555555555556	0.0	0.6666666666666666	0.0	0.0	0.3333333333333333	0.0	4.444444444444445	4.333333333333333	3.0	0.1517777777777778	0.05555555555555555	0.5592222222222223	0.5981111111111111	71.53777777777778	6.261888888888889	4.0	28.50922222222222	42.333333333333336	15.830462060848621	136.0	22.0	625.0	1
Roberto Piccoli	369414.0	55200.0	137.0	6000000.0	5356672.0	Italy	Cagliari	2024-12	2024-12-01	24.0	187.0	6129200.555555556	138.66666666666666	16.666666666666668	12.666666666666666	20.333333333333332	1.6666666666666667	0.3333333333333333	26.22222222222222	2.6666666666666665	0.7777777777777778	1.6666666666666667	0.2222222222222222	0.0	0.4444444444444444	0.0	3.4444444444444446	4.888888888888889	3.3333333333333335	0.24066666666666667	0.05555555555555555	2.5833333333333335	2.870333333333333	70.06577777777778	6.5664444444444445	3.2222222222222223	84.40744444444445	139.0	15.507568091503114	91.0	26.0	576.0	0
Ben Brereton Díaz	332839.0	1100000.0	408.0	8000000.0	56710000.0	Chile	Sheffield United	2024-12	2024-12-01	26.0	185.0	56568833.333333336	1639.5555555555557	94.11111111111111	225.0	864.8888888888889	51.111111111111114	101.44444444444444	936.8888888888889	56.22222222222222	111.77777777777777	17.555555555555557	1.5555555555555556	1.7777777777777777	0.6666666666666666	0.0	3.111111111111111	4.222222222222222	2.7777777777777777	0.08888888888888889	0.1111111111111111	1.1406666666666667	1.1295555555555556	74.7268888888889	6.403333333333333	3.7777777777777777	49.22966666666667	1683.7777777777778	17.839546124878574	62.0	10.0	676.0	0
M'Bala Nzola	343368.0	44900.0	93.0	8000000.0	6839361.0	Angola	Lens	2024-12	2024-12-01	28.0	185.0	7641421.666666667	50.44444444444444	3.5555555555555554	4.777777777777778	8.222222222222221	0.4444444444444444	0.0	11.333333333333334	0.5555555555555556	0.2222222222222222	0.6666666666666666	0.0	0.0	0.3333333333333333	0.1111111111111111	2.2222222222222223	2.5555555555555554	2.2222222222222223	0.2851111111111111	0.05555555555555555	2.248111111111111	2.0036666666666667	80.08	6.475555555555555	2.7777777777777777	69.38144444444444	50.666666666666664	15.84418846387233	68.0	2.0	784.0	0
Elijah Adebayo	362145.0	29300.0	29.0	10000000.0	5004875.0	England	Luton	2024-12	2024-12-01	27.0	193.0	4884817.0	573.6666666666666	16.88888888888889	256.8888888888889	322.0	5.0	225.11111111111111	349.1111111111111	6.222222222222222	229.66666666666666	5.222222222222222	0.0	0.5555555555555556	0.1111111111111111	0.0	3.888888888888889	6.666666666666667	4.333333333333333	0.1	0.0	1.7017777777777778	1.6666666666666667	65.83055555555556	6.405	4.222222222222222	62.31477777777778	660.7777777777778	15.325079688777874	80.0	18.0	729.0	0
Giovanni Simeone	133839.0	745000.0	748.0	10000000.0	6699152.0	Argentina	Napoli	2024-12	2024-12-01	29.0	180.0	7594105.888888889	198.66666666666666	16.333333333333332	13.777777777777779	66.55555555555556	6.0	1.1111111111111112	77.44444444444444	6.666666666666667	1.8888888888888888	2.4444444444444446	0.4444444444444444	0.1111111111111111	0.1111111111111111	0.0	4.444444444444445	2.3333333333333335	2.7777777777777777	0.037000000000000005	0.027777777777777776	0.5371111111111111	0.26855555555555555	72.06577777777778	6.119	5.888888888888889	13.370444444444445	201.66666666666666	15.829692545808257	16.0	3.0	841.0	0
Paul Onuachu	122182.0	149000.0	67.0	11000000.0	2910000.0	Nigeria	Southampton	2024-12	2024-12-01	30.0	201.0	6223612.777777778	1604.4444444444443	184.22222222222223	151.0	974.2222222222222	123.0	64.0	1048.3333333333333	129.11111111111111	70.33333333333333	11.0	0.4444444444444444	1.2222222222222223	0.3333333333333333	0.0	2.2222222222222223	5.555555555555555	2.3333333333333335	0.16666666666666666	0.027777777777777776	1.1388888888888888	2.8333333333333335	65.54811111111111	6.417333333333334	1.1111111111111112	30.648111111111106	1834.888888888889	15.531765048729405	12.0	36.0	900.0	0
Vedat Muriqi	254352.0	364000.0	328.0	8000000.0	8740556.0	Kosovo	Mallorca	2024-12	2024-12-01	31.0	194.0	8682120.666666666	535.5555555555555	182.33333333333334	22.11111111111111	283.44444444444446	161.33333333333334	3.2222222222222223	302.0	162.44444444444446	4.555555555555555	3.111111111111111	0.3333333333333333	0.3333333333333333	0.3333333333333333	0.2222222222222222	3.3333333333333335	3.7777777777777777	3.111111111111111	0.437	0.09255555555555556	2.398111111111111	5.287	64.56611111111111	6.946555555555555	4.444444444444445	74.61855555555556	540.8888888888889	15.967517533744338	28.0	29.0	961.0	1
Carlton Morris	263188.0	24400.0	73.0	8000000.0	6074082.0	England	Luton	2024-12	2024-12-01	29.0	185.0	6403070.333333333	473.1111111111111	49.44444444444444	75.88888888888889	181.77777777777777	24.11111111111111	34.333333333333336	226.88888888888889	29.11111111111111	39.77777777777778	6.666666666666667	0.4444444444444444	0.6666666666666666	0.8888888888888888	0.0	3.5555555555555554	5.444444444444445	3.888888888888889	0.24077777777777776	0.08700000000000001	1.8518888888888891	5.826	58.21244444444445	6.863666666666666	4.111111111111111	73.661	494.22222222222223	15.666455016869097	31.0	18.0	841.0	0
Chuba Akpom	122294.0	453000.0	153.0	8000000.0	6350000.0	England	Lille	2024-12	2024-12-01	29.0	183.0	7315250.888888889	917.6666666666666	95.66666666666667	134.44444444444446	630.4444444444445	73.11111111111111	113.33333333333333	684.8888888888889	79.88888888888889	117.55555555555556	10.0	1.0	0.8888888888888888	0.0	0.0	6.666666666666667	3.4444444444444446	3.5555555555555554	0.19444444444444445	0.037000000000000005	1.3536666666666666	1.3684444444444446	69.45177777777778	6.590888888888888	7.0	44.21111111111111	956.7777777777778	15.801254924500492	13.0	18.0	841.0	1
Alexandre Lacazette	73078.0	5304.0	1053.0	8000000.0	4870000.0	France	Lyon	2024-12	2024-12-01	33.0	175.0	4985389.444444444	1539.6666666666667	291.6666666666667	84.0	748.6666666666666	209.11111111111111	26.666666666666668	791.6666666666666	212.55555555555554	29.333333333333332	5.0	0.3333333333333333	0.3333333333333333	0.5555555555555556	0.0	7.0	4.666666666666667	3.5555555555555554	0.41300000000000003	0.08333333333333333	1.8463333333333334	0.4592222222222222	73.94999999999999	6.810666666666666	6.222222222222222	63.19633333333334	1741.111111111111	15.419739203630463	2.0	19.0	1089.0	1
Ferran Jutglà	396158.0	230000.0	367.0	5000000.0	3930000.0	Spain	Club Brugge	2024-12	2024-12-01	26.0	176.0	5328681.0	303.8888888888889	32.333333333333336	45.55555555555556	85.44444444444444	12.0	13.666666666666666	99.44444444444444	12.777777777777779	14.777777777777779	5.0	0.5555555555555556	0.3333333333333333	0.2222222222222222	0.0	8.11111111111111	5.888888888888889	4.333333333333333	0.2667777777777778	0.09255555555555556	1.887	0.8037777777777778	78.16955555555555	6.727555555555556	7.888888888888889	51.711222222222226	320.22222222222223	15.449806456128755	117.0	47.0	676.0	0
Benedict Hollerbach	485184.0	10600.0	25.0	6000000.0	2130000.0	Germany	Union Berlin	2024-12	2024-12-01	23.0	181.0	3489704.111111111	132.88888888888889	18.11111111111111	5.222222222222222	6.333333333333333	0.6666666666666666	0.1111111111111111	12.444444444444445	1.0	0.2222222222222222	2.2222222222222223	0.0	0.0	0.2222222222222222	0.0	2.7777777777777777	4.444444444444445	3.0	0.26844444444444443	0.0	2.0277777777777777	0.8055555555555556	71.67588888888889	6.623444444444444	3.3333333333333335	72.71300000000001	132.88888888888889	14.921034297227806	159.0	21.0	529.0	0
Marvin Ducksch	115509.0	65300.0	192.0	9000000.0	7649078.0	Germany	Werder Bremen	2024-12	2024-12-01	31.0	188.0	7473085.555555556	185.11111111111111	10.11111111111111	9.444444444444445	68.33333333333333	3.111111111111111	1.5555555555555556	77.77777777777777	3.5555555555555554	1.7777777777777777	4.0	0.2222222222222222	0.0	0.3333333333333333	0.0	4.444444444444445	5.666666666666667	2.7777777777777777	0.3036666666666667	0.24077777777777776	2.209222222222222	0.6407777777777778	69.61933333333333	6.898777777777777	3.6666666666666665	69.92222222222222	193.77777777777777	15.816424419861546	10.0	21.0	961.0	0
Max Moerstedt	517609.0	113000.0	21.0	4000000.0	4614423.0	Germany	Hoffenheim	2024-12	2024-12-01	19.0	194.0	5091265.111111111	99.33333333333333	10.11111111111111	28.11111111111111	21.88888888888889	8.88888888888889	0.3333333333333333	27.77777777777778	9.666666666666666	1.0	3.0	0.3333333333333333	0.1111111111111111	0.3333333333333333	0.0	3.0	3.888888888888889	2.111111111111111	0.037000000000000005	0.0	1.287	1.1203333333333334	75.46144444444445	6.271888888888889	2.4444444444444446	43.32966666666667	100.77777777777777	15.096134072498963	165.0	21.0	361.0	1
Oumar Diakité	454324.0	229000.0	15.0	9000000.0	16366809.0	Ivory Coast	Reims	2024-12	2024-12-01	21.0	182.0	13405701.555555556	92.0	6.777777777777778	9.333333333333334	15.88888888888889	0.5555555555555556	0.4444444444444444	23.333333333333332	0.5555555555555556	0.7777777777777778	0.4444444444444444	0.0	0.1111111111111111	0.6666666666666666	0.0	2.6666666666666665	4.0	2.6666666666666665	0.1388888888888889	0.05555555555555555	1.0833333333333333	1.1388888888888888	80.25833333333334	6.426888888888889	2.5555555555555554	64.13888888888889	100.0	16.394178506063795	151.0	27.0	441.0	0
Lucas Stassin	459707.0	37900.0	24.0	5000000.0	9267241.0	Belgium	Saint-Etienne	2024-12	2024-12-01	20.0	171.0	8967897.888888888	118.55555555555556	9.555555555555555	6.111111111111111	45.666666666666664	5.333333333333333	0.5555555555555556	48.55555555555556	5.555555555555555	0.8888888888888888	0.2222222222222222	0.0	0.0	0.4444444444444444	0.0	4.222222222222222	7.333333333333333	3.111111111111111	0.4166666666666667	0.18522222222222223	1.8333333333333333	0.7963333333333333	70.00744444444445	6.864999999999999	3.3333333333333335	67.71288888888888	118.44444444444444	15.997203833341722	153.0	5.0	400.0	0
William Osula	416209.0	200000.0	85.0	7000000.0	9453935.0	Denmark	Newcastle	2024-12	2024-12-01	21.0	180.0	9549597.0	1447.111111111111	113.66666666666667	38.55555555555556	1004.4444444444445	48.888888888888886	12.666666666666666	1057.5555555555557	54.77777777777778	14.777777777777779	9.0	0.2222222222222222	0.5555555555555556	0.0	0.0	2.5555555555555554	1.7777777777777777	1.4444444444444444	0.0	0.0	0.1481111111111111	0.06477777777777777	25.92588888888889	6.030888888888889	2.3333333333333335	10.842555555555556	1447.2222222222222	16.05796484234653	132.0	16.0	441.0	0
Mirlind Daku	383204.0	77400.0	75.0	7000000.0	1030000.0	Albania	Rubin Kazan	2024-12	2024-12-01	27.0	192.0	2853184.6666666665	53.77777777777778	14.333333333333334	8.666666666666666	6.777777777777778	0.6666666666666666	0.2222222222222222	7.777777777777778	0.7777777777777778	0.3333333333333333	0.0	0.0	0.0	0.5555555555555556	0.1111111111111111	2.888888888888889	2.5555555555555554	2.2222222222222223	0.40555555555555556	0.48888888888888893	1.9944444444444445	2.6722222222222225	61.16722222222222	7.083666666666667	3.2222222222222223	84.71666666666667	447.44444444444446	14.445663733179089	101.0	0.0	729.0	1
Lyle Foster	371447.0	25700.0	10.0	9000000.0	9020000.0	South Africa	Burnley	2024-12	2024-12-01	24.0	185.0	10144110.222222222	1495.4444444444443	197.77777777777777	81.77777777777777	1048.6666666666667	164.22222222222223	31.555555555555557	1095.888888888889	168.33333333333334	34.55555555555556	5.111111111111111	0.8888888888888888	0.8888888888888888	0.4444444444444444	0.0	4.222222222222222	0.8888888888888888	2.888888888888889	0.06666666666666668	0.08888888888888889	1.4444444444444444	1.1666666666666667	67.34777777777778	6.474555555555556	5.777777777777778	58.733333333333334	1547.4444444444443	16.130296650511546	94.0	45.0	576.0	0
Casper Tengstedt	426271.0	68200.0	42.0	7000000.0	5220000.0	Denmark	Verona	2024-12	2024-12-01	24.0	184.0	5242520.777777778	82.11111111111111	16.444444444444443	4.555555555555555	16.444444444444443	0.7777777777777778	0.1111111111111111	20.11111111111111	0.8888888888888888	0.4444444444444444	1.4444444444444444	0.0	0.1111111111111111	0.2222222222222222	0.0	2.4444444444444446	4.666666666666667	2.4444444444444446	0.19444444444444445	0.037000000000000005	1.7037777777777778	0.75	68.65277777777777	6.363555555555555	2.0	58.79622222222221	84.11111111111111	15.3931809716815	143.0	16.0	576.0	0
Ragnar Ache	335756.0	48800.0	117.0	5000000.0	1750000.0	Netherlands	Kaiserslautern	2024-12	2024-12-01	26.0	183.0	2919981.111111111	109.88888888888889	4.333333333333333	1.1111111111111112	90.44444444444444	2.7777777777777777	0.4444444444444444	97.33333333333333	3.3333333333333335	0.8888888888888888	2.111111111111111	0.2222222222222222	0.2222222222222222	0.1111111111111111	0.0	4.777777777777778	3.6666666666666665	2.5555555555555554	0.777888888888889	0.05555555555555555	3.5741111111111112	3.518555555555556	60.18144444444445	7.427333333333333	4.444444444444445	63.79633333333334	110.33333333333333	14.772472687958157	65.0	34.0	676.0	0
Myron Boadu	357081.0	99800.0	219.0	5000000.0	7720000.0	Netherlands	Bochum	2024-12	2024-12-01	24.0	183.0	9086805.333333334	212.44444444444446	24.77777777777778	11.88888888888889	66.66666666666667	8.11111111111111	1.2222222222222223	82.33333333333333	10.0	1.7777777777777777	3.111111111111111	0.8888888888888888	0.1111111111111111	0.1111111111111111	0.0	1.4444444444444444	3.4444444444444446	1.4444444444444444	0.48144444444444445	0.037000000000000005	1.9814444444444443	0.4073333333333333	74.90188888888889	6.476666666666667	0.3333333333333333	55.44444444444444	212.77777777777777	16.015378831206174	77.0	34.0	576.0	0
Krzysztof Piatek	339504.0	872000.0	468.0	6500000.0	5333749.0	Poland	Istanbul Basaksehir	2024-12	2024-12-01	29.0	183.0	5479795.0	81.55555555555556	5.666666666666667	5.777777777777778	28.77777777777778	2.2222222222222223	0.4444444444444444	34.111111111111114	3.0	0.5555555555555556	1.6666666666666667	0.4444444444444444	0.1111111111111111	0.6666666666666666	0.0	5.555555555555555	5.333333333333333	3.4444444444444446	0.587	0.09633333333333333	3.0203333333333333	2.4535555555555555	70.97399999999999	7.0825555555555555	5.0	74.56666666666666	275.8888888888889	15.509570500711922	67.0	38.0	841.0	1
Patrick Cutrone	329681.0	652000.0	733.0	7000000.0	5320000.0	Italy	Como	2024-12	2024-12-01	27.0	183.0	5886982.666666667	325.8888888888889	49.666666666666664	11.555555555555555	152.88888888888889	16.333333333333332	2.6666666666666665	163.11111111111111	17.666666666666668	3.2222222222222223	3.0	0.5555555555555556	0.1111111111111111	0.1111111111111111	0.0	3.6666666666666665	5.111111111111111	3.111111111111111	0.19444444444444445	0.09255555555555556	2.0555555555555554	0.8240000000000001	73.76855555555555	6.4991111111111115	2.888888888888889	64.03699999999999	331.44444444444446	15.561209251107218	59.0	26.0	729.0	0
Danny Ings	91762.0	715000.0	228.0	7000000.0	2515033.0	England	West Ham	2024-12	2024-12-01	32.0	178.0	3110685.4444444445	2367.3333333333335	166.0	420.8888888888889	1203.6666666666667	79.33333333333333	181.33333333333334	1399.0	100.0	222.66666666666666	56.55555555555556	6.111111111111111	14.777777777777779	0.0	0.0	2.111111111111111	3.4444444444444446	1.7777777777777777	0.037000000000000005	0.1388888888888889	0.7592222222222222	0.426	68.36111111111111	6.246333333333333	1.7777777777777777	16.64811111111111	2500.1111111111113	14.898420071919938	8.0	18.0	1024.0	0
