player	player_id	date	market_value
Erling Haaland	315227	2018-01-01	820000
Erling Haaland	315227	2020-01-01	14100000
Erling Haaland	315227	2022-04-01	84320000
Erling Haaland	315227	2023-07-01	131160000
Erling Haaland	315227	2023-10-01	141200000
Erling Haaland	315227	2024-02-01	135070000
Erling Haaland	315227	2024-05-01	138930000
Erling Haaland	315227	2024-08-01	149810000
Erling Haaland	315227	2024-12-01	149800000
Erling Haaland	315227	2025-03-01	188426565
Erling Haaland	315227	2025-05-01	198769777
Kylian Mbappé	300713	2016-07-01	10640000
Kylian Mbappé	300713	2019-01-01	129970000
Kylian Mbappé	300713	2021-12-01	162480000
Kylian Mbappé	300713	2023-07-01	126350000
Kylian Mbappé	300713	2023-10-01	136000000
Kylian Mbappé	300713	2024-02-01	122500000
Kylian Mbappé	300713	2024-05-01	104100000
Kylian Mbappé	300713	2024-08-01	153700000
Kylian Mbappé	300713	2024-12-01	146100000
Kylian Mbappé	300713	2025-03-01	151602277
Kylian Mbappé	300713	2025-05-01	143100000
Alexander Isak	299254	2017-01-01	2520000
Alexander Isak	299254	2019-07-01	6180000
Alexander Isak	299254	2022-02-01	43750000
Alexander Isak	299254	2023-06-01	49050000
Alexander Isak	299254	2023-09-01	47000000
Alexander Isak	299254	2023-12-01	47500000
Alexander Isak	299254	2024-03-01	47500000
Alexander Isak	299254	2024-06-01	62500000
Alexander Isak	299254	2024-09-01	71900000
Alexander Isak	299254	2024-12-01	67900000
Alexander Isak	299254	2025-03-01	76365497
Alexander Isak	299254	2025-05-01	120290894
Lautaro Martínez	299344	2017-01-01	1210000
Lautaro Martínez	299344	2019-07-01	22250000
Lautaro Martínez	299344	2022-02-01	92140000
Lautaro Martínez	299344	2023-06-01	81490000
Lautaro Martínez	299344	2023-09-01	76600000
Lautaro Martínez	299344	2023-12-01	79540000
Lautaro Martínez	299344	2024-02-01	76280000
Lautaro Martínez	299344	2024-05-01	78900000
Lautaro Martínez	299344	2024-08-01	66540000
Lautaro Martínez	299344	2024-10-01	66790000
Lautaro Martínez	299344	2024-12-01	69850000
Lautaro Martínez	299344	2025-04-01	106796290
Lautaro Martínez	299344	2025-05-01	110296074
Harry Kane	83532	2016-07-01	38940000
Harry Kane	83532	2019-01-01	85080000
Harry Kane	83532	2021-12-01	92780000
Harry Kane	83532	2023-06-01	89810000
Harry Kane	83532	2023-09-01	100000000
Harry Kane	83532	2023-11-01	106500000
Harry Kane	83532	2024-01-01	108500000
Harry Kane	83532	2024-04-01	104524500
Harry Kane	83532	2024-06-01	108520000
Harry Kane	83532	2024-09-01	106420000
Harry Kane	83532	2024-11-01	107420000
Harry Kane	83532	2025-02-01	104420000
Harry Kane	83532	2025-04-01	106300625
Harry Kane	83532	2025-05-01	105791466
Julián Álvarez	365409	2019-07-01	2200000
Julián Álvarez	365409	2021-01-01	6930000
Julián Álvarez	365409	2022-08-01	42670000
Julián Álvarez	365409	2023-06-01	35490000
Julián Álvarez	365409	2023-09-01	39590000
Julián Álvarez	365409	2023-12-01	45340000
Julián Álvarez	365409	2024-03-01	49810000
Julián Álvarez	365409	2024-06-01	54150000
Julián Álvarez	365409	2024-09-01	73400000
Julián Álvarez	365409	2024-12-01	79260000
Julián Álvarez	365409	2025-03-01	78424266
Julián Álvarez	365409	2025-05-01	104744437
Omar Marmoush	394749	2019-01-01	50000
Omar Marmoush	394749	2020-07-01	360000
Omar Marmoush	394749	2022-06-01	4040000
Omar Marmoush	394749	2023-06-01	4720000
Omar Marmoush	394749	2023-09-01	8020000
Omar Marmoush	394749	2023-12-01	8530000
Omar Marmoush	394749	2024-02-01	16700000
Omar Marmoush	394749	2024-05-01	15520000
Omar Marmoush	394749	2024-08-01	18480000
Omar Marmoush	394749	2024-10-01	17300000
Omar Marmoush	394749	2024-12-01	16750000
Omar Marmoush	394749	2025-04-01	79100391
Omar Marmoush	394749	2025-05-01	79100391
Viktor Gyökeres	362815	2017-01-01	260000
Viktor Gyökeres	362815	2019-07-01	2050000
Viktor Gyökeres	362815	2022-02-01	5770000
Viktor Gyökeres	362815	2023-06-01	7770000
Viktor Gyökeres	362815	2023-09-01	16780000
Viktor Gyökeres	362815	2023-12-01	18670000
Viktor Gyökeres	362815	2024-03-01	18390000
Viktor Gyökeres	362815	2024-06-01	25760000
Viktor Gyökeres	362815	2024-09-01	25570000
Viktor Gyökeres	362815	2024-12-01	55650000
Viktor Gyökeres	362815	2025-03-01	74798389
Viktor Gyökeres	362815	2025-05-01	74956758
Kai Havertz	326413	2018-01-01	15140000
Kai Havertz	326413	2020-01-01	63640000
Kai Havertz	326413	2022-04-01	71440000
Kai Havertz	326413	2023-07-01	70340000
Kai Havertz	326413	2023-10-01	68570000
Kai Havertz	326413	2024-02-01	82480000
Kai Havertz	326413	2024-05-01	88760000
Kai Havertz	326413	2024-08-01	98580000
Kai Havertz	326413	2024-12-01	96790000
Kai Havertz	326413	2025-03-01	69957843
Kai Havertz	326413	2025-05-01	70482762
Samu Aghehowa	497564	2023-08-01	560000
Samu Aghehowa	497564	2023-09-01	1320000
Samu Aghehowa	497564	2023-10-01	3090000
Samu Aghehowa	497564	2023-11-01	4700000
Samu Aghehowa	497564	2023-12-01	5370000
Samu Aghehowa	497564	2024-01-01	4910000
Samu Aghehowa	497564	2024-03-01	6220000
Samu Aghehowa	497564	2024-06-01	10320000
Samu Aghehowa	497564	2024-09-01	12990000
Samu Aghehowa	497564	2024-12-01	21680000
Samu Aghehowa	497564	2025-03-01	70240593
Samu Aghehowa	497564	2025-05-01	70432731
Benjamin Šeško	424191	2019-07-01	400000
Benjamin Šeško	424191	2021-01-01	1020000
Benjamin Šeško	424191	2022-08-01	11720000
Benjamin Šeško	424191	2023-06-01	12200000
Benjamin Šeško	424191	2023-09-01	18560000
Benjamin Šeško	424191	2023-12-01	22060000
Benjamin Šeško	424191	2024-03-01	26560000
Benjamin Šeško	424191	2024-06-01	34540000
Benjamin Šeško	424191	2024-09-01	49340000
Benjamin Šeško	424191	2024-12-01	59430000
Benjamin Šeško	424191	2025-03-01	56340205
Benjamin Šeško	424191	2025-05-01	66933453
Victor Osimhen	298510	2017-01-01	100000
Victor Osimhen	298510	2019-07-01	16700000
Victor Osimhen	298510	2022-02-01	30570000
Victor Osimhen	298510	2023-07-01	75200000
Victor Osimhen	298510	2023-10-01	81000000
Victor Osimhen	298510	2024-02-01	75100000
Victor Osimhen	298510	2024-05-01	72500000
Victor Osimhen	298510	2024-08-01	71100000
Victor Osimhen	298510	2024-12-01	57100000
Victor Osimhen	298510	2025-03-01	68981385
Victor Osimhen	298510	2025-05-01	66513881
Nicolas Jackson	426050	2021-07-01	250000
Nicolas Jackson	426050	2022-03-01	830000
Nicolas Jackson	426050	2022-12-01	5160000
Nicolas Jackson	426050	2023-06-01	13200000
Nicolas Jackson	426050	2023-09-01	30600000
Nicolas Jackson	426050	2023-11-01	30620000
Nicolas Jackson	426050	2024-01-01	30460000
Nicolas Jackson	426050	2024-04-01	34430000
Nicolas Jackson	426050	2024-06-01	43490000
Nicolas Jackson	426050	2024-09-01	46890000
Nicolas Jackson	426050	2024-11-01	55500000
Nicolas Jackson	426050	2025-02-01	71773088
Nicolas Jackson	426050	2025-04-01	66896753
Nicolas Jackson	426050	2025-05-01	66173881
Marcus Thuram	296322	2016-07-01	360000
Marcus Thuram	296322	2019-01-01	2980000
Marcus Thuram	296322	2021-12-01	21910000
Marcus Thuram	296322	2023-07-01	18210000
Marcus Thuram	296322	2023-10-01	22300000
Marcus Thuram	296322	2024-02-01	27300000
Marcus Thuram	296322	2024-05-01	38120000
Marcus Thuram	296322	2024-08-01	46520000
Marcus Thuram	296322	2024-12-01	41830000
Marcus Thuram	296322	2025-03-01	65026795
Marcus Thuram	296322	2025-05-01	65372694
Matheus Cunha	362758	2019-01-01	12110000
Matheus Cunha	362758	2020-07-01	20480000
Matheus Cunha	362758	2022-06-01	24850000
Matheus Cunha	362758	2023-07-01	20690000
Matheus Cunha	362758	2023-10-01	23250000
Matheus Cunha	362758	2024-02-01	28920000
Matheus Cunha	362758	2024-05-01	29100000
Matheus Cunha	362758	2024-08-01	26100000
Matheus Cunha	362758	2024-12-01	25340000
Matheus Cunha	362758	2025-03-01	60762082
Matheus Cunha	362758	2025-05-01	62618462
Ollie Watkins	148503	2016-07-01	310000
Ollie Watkins	148503	2019-01-01	4760000
Ollie Watkins	148503	2021-12-01	40010000
Ollie Watkins	148503	2023-06-01	47380000
Ollie Watkins	148503	2023-09-01	41210000
Ollie Watkins	148503	2023-12-01	49800000
Ollie Watkins	148503	2024-02-01	51330000
Ollie Watkins	148503	2024-05-01	51300000
Ollie Watkins	148503	2024-08-01	59330000
Ollie Watkins	148503	2024-10-01	60310000
Ollie Watkins	148503	2024-12-01	58490000
Ollie Watkins	148503	2025-04-01	63198524
Ollie Watkins	148503	2025-05-01	61377720
João Pedro	373525	2020-07-01	7980000
João Pedro	373525	2021-07-01	14010000
João Pedro	373525	2022-10-01	27100000
João Pedro	373525	2023-06-01	22260000
João Pedro	373525	2023-09-01	30300000
João Pedro	373525	2023-12-01	31170000
João Pedro	373525	2024-02-01	31680000
João Pedro	373525	2024-05-01	27140000
João Pedro	373525	2024-08-01	25940000
João Pedro	373525	2024-10-01	22470000
João Pedro	373525	2024-12-01	19110000
João Pedro	373525	2025-04-01	61285919
João Pedro	373525	2025-05-01	61285919
Darwin Núñez	400828	2019-01-01	140000
Darwin Núñez	400828	2020-07-01	5070000
Darwin Núñez	400828	2022-06-01	25740000
Darwin Núñez	400828	2023-06-01	37720000
Darwin Núñez	400828	2023-09-01	31600000
Darwin Núñez	400828	2023-12-01	41250000
Darwin Núñez	400828	2024-03-01	51770000
Darwin Núñez	400828	2024-06-01	50680000
Darwin Núñez	400828	2024-09-01	56740000
Darwin Núñez	400828	2024-12-01	44990000
Darwin Núñez	400828	2025-03-01	67470850
Darwin Núñez	400828	2025-05-01	60881499
Loïs Openda	363618	2018-01-01	120000
Loïs Openda	363618	2020-01-01	10360000
Loïs Openda	363618	2022-04-01	4880000
Loïs Openda	363618	2023-06-01	28450000
Loïs Openda	363618	2023-09-01	39000000
Loïs Openda	363618	2023-12-01	51500000
Loïs Openda	363618	2024-03-01	61000000
Loïs Openda	363618	2024-06-01	64130000
Loïs Openda	363618	2024-09-01	59740000
Loïs Openda	363618	2024-12-01	62740000
Loïs Openda	363618	2025-03-01	59171211
Loïs Openda	363618	2025-05-01	59716310
Diogo Jota	235755	2016-07-01	8210000
Diogo Jota	235755	2019-01-01	23740000
Diogo Jota	235755	2021-12-01	43700000
Diogo Jota	235755	2023-07-01	51840000
Diogo Jota	235755	2023-10-01	49040000
Diogo Jota	235755	2024-02-01	40280000
Diogo Jota	235755	2024-05-01	36230000
Diogo Jota	235755	2024-08-01	33630000
Diogo Jota	235755	2024-12-01	36600000
Diogo Jota	235755	2025-03-01	59434019
Diogo Jota	235755	2025-05-01	58606824
Hugo Ekitiké	403784	2020-07-01	810000
Hugo Ekitiké	403784	2021-07-01	2910000
Hugo Ekitiké	403784	2022-10-01	7340000
Hugo Ekitiké	403784	2023-06-01	10940000
Hugo Ekitiké	403784	2023-09-01	22950000
Hugo Ekitiké	403784	2023-12-01	17560000
Hugo Ekitiké	403784	2024-02-01	14370000
Hugo Ekitiké	403784	2024-05-01	13210000
Hugo Ekitiké	403784	2024-08-01	17570000
Hugo Ekitiké	403784	2024-10-01	18980000
Hugo Ekitiké	403784	2024-12-01	18610000
Hugo Ekitiké	403784	2025-04-01	57736546
Hugo Ekitiké	403784	2025-05-01	57736546
Mathys Tel	422885	2023-01-01	14480000
Mathys Tel	422885	2023-02-01	15480000
Mathys Tel	422885	2023-04-01	17970000
Mathys Tel	422885	2023-07-01	20730000
Mathys Tel	422885	2023-10-01	15470000
Mathys Tel	422885	2024-02-01	25940000
Mathys Tel	422885	2024-05-01	25050000
Mathys Tel	422885	2024-08-01	34910000
Mathys Tel	422885	2024-12-01	33040000
Mathys Tel	422885	2025-03-01	41249085
Mathys Tel	422885	2025-05-01	56447932
Rasmus Winther Højlund	439584	2020-07-01	170000
Rasmus Winther Højlund	439584	2021-07-01	260000
Rasmus Winther Højlund	439584	2022-10-01	10600000
Rasmus Winther Højlund	439584	2023-07-01	24390000
Rasmus Winther Højlund	439584	2023-11-01	60030000
Rasmus Winther Højlund	439584	2024-03-01	61840000
Rasmus Winther Højlund	439584	2024-07-01	63670000
Rasmus Winther Højlund	439584	2024-11-01	54640000
Rasmus Winther Højlund	439584	2025-03-01	62741844
Rasmus Winther Højlund	439584	2025-05-01	54915236
Dominic Solanke	136459	2016-07-01	6170000
Dominic Solanke	136459	2019-01-01	6050000
Dominic Solanke	136459	2021-12-01	22230000
Dominic Solanke	136459	2023-06-01	30750000
Dominic Solanke	136459	2023-09-01	26390000
Dominic Solanke	136459	2023-12-01	28920000
Dominic Solanke	136459	2024-03-01	33230000
Dominic Solanke	136459	2024-06-01	38010000
Dominic Solanke	136459	2024-09-01	53100000
Dominic Solanke	136459	2024-12-01	57910000
Dominic Solanke	136459	2025-03-01	52098921
Dominic Solanke	136459	2025-05-01	52145965
Christopher Nkunku	300945	2016-07-01	4390000
Christopher Nkunku	300945	2019-01-01	9410000
Christopher Nkunku	300945	2021-12-01	46150000
Christopher Nkunku	300945	2023-06-01	59570000
Christopher Nkunku	300945	2023-09-01	59760000
Christopher Nkunku	300945	2023-12-01	56100000
Christopher Nkunku	300945	2024-02-01	54470000
Christopher Nkunku	300945	2024-05-01	41990000
Christopher Nkunku	300945	2024-08-01	35970000
Christopher Nkunku	300945	2024-10-01	32440000
Christopher Nkunku	300945	2024-12-01	28930000
Christopher Nkunku	300945	2025-04-01	51317380
Christopher Nkunku	300945	2025-05-01	51657831
Evan Ferguson	423720	2020-07-01	360000
Evan Ferguson	423720	2021-07-01	510000
Evan Ferguson	423720	2022-10-01	1640000
Evan Ferguson	423720	2023-06-01	16210000
Evan Ferguson	423720	2023-08-01	14120000
Evan Ferguson	423720	2023-10-01	16030000
Evan Ferguson	423720	2024-01-01	28420000
Evan Ferguson	423720	2024-03-01	31600000
Evan Ferguson	423720	2024-05-01	33870000
Evan Ferguson	423720	2024-07-01	33690000
Evan Ferguson	423720	2024-09-01	39960000
Evan Ferguson	423720	2024-11-01	34330000
Evan Ferguson	423720	2025-02-01	55708497
Evan Ferguson	423720	2025-04-01	48518575
Evan Ferguson	423720	2025-05-01	48518575
Gabriel Jesus	279379	2017-01-01	24330000
Gabriel Jesus	279379	2019-07-01	73000000
Gabriel Jesus	279379	2022-02-01	79800000
Gabriel Jesus	279379	2023-06-01	63080000
Gabriel Jesus	279379	2023-09-01	55350000
Gabriel Jesus	279379	2023-12-01	55800000
Gabriel Jesus	279379	2024-02-01	58740000
Gabriel Jesus	279379	2024-05-01	59130000
Gabriel Jesus	279379	2024-08-01	52180000
Gabriel Jesus	279379	2024-10-01	51100000
Gabriel Jesus	279379	2024-12-01	42300000
Gabriel Jesus	279379	2025-04-01	45617124
Gabriel Jesus	279379	2025-05-01	45617124
Gonçalo Ramos	395802	2019-07-01	830000
Gonçalo Ramos	395802	2021-01-01	2100000
Gonçalo Ramos	395802	2022-08-01	27820000
Gonçalo Ramos	395802	2023-06-01	38390000
Gonçalo Ramos	395802	2023-09-01	32560000
Gonçalo Ramos	395802	2023-12-01	24970000
Gonçalo Ramos	395802	2024-02-01	22490000
Gonçalo Ramos	395802	2024-05-01	32330000
Gonçalo Ramos	395802	2024-08-01	39830000
Gonçalo Ramos	395802	2024-10-01	38680000
Gonçalo Ramos	395802	2024-12-01	33630000
Gonçalo Ramos	395802	2025-04-01	45086041
Gonçalo Ramos	395802	2025-05-01	44960989
Santiago Castro	421081	2022-03-01	80000
Santiago Castro	421081	2022-08-01	1010000
Santiago Castro	421081	2023-02-01	2800000
Santiago Castro	421081	2023-06-01	3490000
Santiago Castro	421081	2023-09-01	3550000
Santiago Castro	421081	2023-11-01	1960000
Santiago Castro	421081	2024-01-01	1760000
Santiago Castro	421081	2024-04-01	7830000
Santiago Castro	421081	2024-06-01	10520000
Santiago Castro	421081	2024-09-01	10240000
Santiago Castro	421081	2024-11-01	13510000
Santiago Castro	421081	2025-02-01	27509554
Santiago Castro	421081	2025-04-01	45850995
Santiago Castro	421081	2025-05-01	44101892
Serhou Guirassy	236506	2016-07-01	3550000
Serhou Guirassy	236506	2019-01-01	1300000
Serhou Guirassy	236506	2021-12-01	8830000
Serhou Guirassy	236506	2023-07-01	6900000
Serhou Guirassy	236506	2023-12-01	7890000
Serhou Guirassy	236506	2024-05-01	19850000
Serhou Guirassy	236506	2024-10-01	16650000
Serhou Guirassy	236506	2025-03-01	41087001
Serhou Guirassy	236506	2025-05-01	43792948
Joshua Zirkzee	383956	2019-01-01	140000
Joshua Zirkzee	383956	2020-07-01	6720000
Joshua Zirkzee	383956	2022-06-01	8720000
Joshua Zirkzee	383956	2023-07-01	14950000
Joshua Zirkzee	383956	2023-11-01	11420000
Joshua Zirkzee	383956	2024-03-01	21580000
Joshua Zirkzee	383956	2024-07-01	20610000
Joshua Zirkzee	383956	2024-11-01	38700000
Joshua Zirkzee	383956	2025-03-01	48282874
Joshua Zirkzee	383956	2025-05-01	43747276
Victor Okoh Boniface	384000	2020-07-01	680000
Victor Okoh Boniface	384000	2021-07-01	1290000
Victor Okoh Boniface	384000	2022-10-01	4240000
Victor Okoh Boniface	384000	2023-06-01	15940000
Victor Okoh Boniface	384000	2023-09-01	26620000
Victor Okoh Boniface	384000	2023-12-01	29810000
Victor Okoh Boniface	384000	2024-02-01	29110000
Victor Okoh Boniface	384000	2024-05-01	26530000
Victor Okoh Boniface	384000	2024-08-01	31910000
Victor Okoh Boniface	384000	2024-10-01	25470000
Victor Okoh Boniface	384000	2024-12-01	24770000
Victor Okoh Boniface	384000	2025-04-01	44592627
Victor Okoh Boniface	384000	2025-05-01	43139207
Mateo Retegui	349521	2019-07-01	420000
Mateo Retegui	349521	2021-01-01	2300000
Mateo Retegui	349521	2022-08-01	4530000
Mateo Retegui	349521	2023-07-01	6180000
Mateo Retegui	349521	2023-10-01	10420000
Mateo Retegui	349521	2024-02-01	10750000
Mateo Retegui	349521	2024-05-01	10670000
Mateo Retegui	349521	2024-08-01	9560000
Mateo Retegui	349521	2024-12-01	17560000
Mateo Retegui	349521	2025-03-01	38604513
Mateo Retegui	349521	2025-05-01	41663339
Georginio Rutter	362433	2019-07-01	260000
Georginio Rutter	362433	2021-01-01	3750000
Georginio Rutter	362433	2022-08-01	20320000
Georginio Rutter	362433	2023-06-01	25280000
Georginio Rutter	362433	2023-09-01	21160000
Georginio Rutter	362433	2023-12-01	18650000
Georginio Rutter	362433	2024-03-01	18780000
Georginio Rutter	362433	2024-06-01	14740000
Georginio Rutter	362433	2024-09-01	30560000
Georginio Rutter	362433	2024-12-01	37410000
Georginio Rutter	362433	2025-03-01	41423996
Georginio Rutter	362433	2025-05-01	41330410
Mikel Oyarzabal	298839	2016-07-01	9450000
Mikel Oyarzabal	298839	2019-01-01	34760000
Mikel Oyarzabal	298839	2021-12-01	47970000
Mikel Oyarzabal	298839	2023-06-01	28710000
Mikel Oyarzabal	298839	2023-09-01	26740000
Mikel Oyarzabal	298839	2023-11-01	24430000
Mikel Oyarzabal	298839	2024-01-01	26820000
Mikel Oyarzabal	298839	2024-04-01	23910000
Mikel Oyarzabal	298839	2024-06-01	24220000
Mikel Oyarzabal	298839	2024-09-01	26970000
Mikel Oyarzabal	298839	2024-11-01	24110000
Mikel Oyarzabal	298839	2025-02-01	40424436
Mikel Oyarzabal	298839	2025-04-01	40496939
Mikel Oyarzabal	298839	2025-05-01	40496939
Dušan Vlahović	315369	2018-01-01	590000
Dušan Vlahović	315369	2020-01-01	4650000
Dušan Vlahović	315369	2022-04-01	66430000
Dušan Vlahović	315369	2023-06-01	57640000
Dušan Vlahović	315369	2023-09-01	47020000
Dušan Vlahović	315369	2023-12-01	38310000
Dušan Vlahović	315369	2024-02-01	35680000
Dušan Vlahović	315369	2024-05-01	47350000
Dušan Vlahović	315369	2024-08-01	47250000
Dušan Vlahović	315369	2024-10-01	56550000
Dušan Vlahović	315369	2024-12-01	56550000
Dušan Vlahović	315369	2025-04-01	40386506
Dušan Vlahović	315369	2025-05-01	40449426
Moise Kean	328990	2017-01-01	2030000
Moise Kean	328990	2019-07-01	5930000
Moise Kean	328990	2022-02-01	28650000
Moise Kean	328990	2023-07-01	22390000
Moise Kean	328990	2023-10-01	16200000
Moise Kean	328990	2024-02-01	12350000
Moise Kean	328990	2024-05-01	10260000
Moise Kean	328990	2024-08-01	20440000
Moise Kean	328990	2024-12-01	29670000
Moise Kean	328990	2025-03-01	33232790
Moise Kean	328990	2025-05-01	40413177
Santiago Giménez	445061	2020-07-01	1900000
Santiago Giménez	445061	2021-07-01	4720000
Santiago Giménez	445061	2022-10-01	7130000
Santiago Giménez	445061	2023-06-01	15880000
Santiago Giménez	445061	2023-09-01	16470000
Santiago Giménez	445061	2023-12-01	31680000
Santiago Giménez	445061	2024-02-01	32810000
Santiago Giménez	445061	2024-05-01	30510000
Santiago Giménez	445061	2024-08-01	27390000
Santiago Giménez	445061	2024-10-01	27260000
Santiago Giménez	445061	2024-12-01	25820000
Santiago Giménez	445061	2025-04-01	39209813
Santiago Giménez	445061	2025-05-01	39209813
Jonathan Burkardt	363037	2019-01-01	2260000
Jonathan Burkardt	363037	2020-07-01	3810000
Jonathan Burkardt	363037	2022-06-01	20590000
Jonathan Burkardt	363037	2023-06-01	12570000
Jonathan Burkardt	363037	2023-09-01	7090000
Jonathan Burkardt	363037	2023-11-01	5490000
Jonathan Burkardt	363037	2024-01-01	4550000
Jonathan Burkardt	363037	2024-04-01	7720000
Jonathan Burkardt	363037	2024-06-01	8530000
Jonathan Burkardt	363037	2024-09-01	9780000
Jonathan Burkardt	363037	2024-11-01	11760000
Jonathan Burkardt	363037	2025-02-01	25337439
Jonathan Burkardt	363037	2025-04-01	38898267
Jonathan Burkardt	363037	2025-05-01	39134144
Liam Delap	401254	2019-07-01	340000
Liam Delap	401254	2021-01-01	4370000
Liam Delap	401254	2022-08-01	6570000
Liam Delap	401254	2023-06-01	4460000
Liam Delap	401254	2023-09-01	4590000
Liam Delap	401254	2023-12-01	3360000
Liam Delap	401254	2024-02-01	2910000
Liam Delap	401254	2024-05-01	4540000
Liam Delap	401254	2024-08-01	7700000
Liam Delap	401254	2024-10-01	7200000
Liam Delap	401254	2024-12-01	33000000
Liam Delap	401254	2025-04-01	33000000
Liam Delap	401254	2025-05-01	37000000
Mohamed El Amine Amoura	431045	2021-07-01	140000
Mohamed El Amine Amoura	431045	2022-03-01	290000
Mohamed El Amine Amoura	431045	2022-12-01	730000
Mohamed El Amine Amoura	431045	2023-06-01	1470000
Mohamed El Amine Amoura	431045	2023-09-01	3090000
Mohamed El Amine Amoura	431045	2023-12-01	4050000
Mohamed El Amine Amoura	431045	2024-02-01	5610000
Mohamed El Amine Amoura	431045	2024-05-01	8280000
Mohamed El Amine Amoura	431045	2024-08-01	7860000
Mohamed El Amine Amoura	431045	2024-10-01	8130000
Mohamed El Amine Amoura	431045	2024-12-01	10040000
Mohamed El Amine Amoura	431045	2025-04-01	36798133
Mohamed El Amine Amoura	431045	2025-05-01	36798133
Jhon Durán	433517	2020-07-01	530000
Jhon Durán	433517	2021-07-01	1290000
Jhon Durán	433517	2022-10-01	1790000
Jhon Durán	433517	2023-06-01	11910000
Jhon Durán	433517	2023-09-01	10740000
Jhon Durán	433517	2023-12-01	8820000
Jhon Durán	433517	2024-03-01	6640000
Jhon Durán	433517	2024-06-01	5250000
Jhon Durán	433517	2024-09-01	7510000
Jhon Durán	433517	2024-12-01	36600000
Jhon Durán	433517	2025-03-01	36600000
Jhon Durán	433517	2025-05-01	36600000
Randal Kolo Muani	333542	2018-01-01	240000
Randal Kolo Muani	333542	2020-01-01	450000
Randal Kolo Muani	333542	2022-04-01	13360000
Randal Kolo Muani	333542	2023-06-01	60200000
Randal Kolo Muani	333542	2023-09-01	48770000
Randal Kolo Muani	333542	2023-12-01	78510000
Randal Kolo Muani	333542	2024-03-01	75770000
Randal Kolo Muani	333542	2024-06-01	59100000
Randal Kolo Muani	333542	2024-09-01	41070000
Randal Kolo Muani	333542	2024-12-01	26920000
Randal Kolo Muani	333542	2025-03-01	32835160
Randal Kolo Muani	333542	2025-05-01	32975846
Artem Dovbyk	296975	2016-07-01	200000
Artem Dovbyk	296975	2019-01-01	750000
Artem Dovbyk	296975	2021-12-01	1740000
Artem Dovbyk	296975	2023-07-01	2700000
Artem Dovbyk	296975	2023-12-01	12720000
Artem Dovbyk	296975	2024-05-01	14400000
Artem Dovbyk	296975	2024-10-01	30490000
Artem Dovbyk	296975	2025-03-01	32942822
Artem Dovbyk	296975	2025-05-01	32960577
Jean-Philippe Mateta	328096	2017-01-01	2580000
Jean-Philippe Mateta	328096	2019-07-01	8260000
Jean-Philippe Mateta	328096	2022-02-01	5990000
Jean-Philippe Mateta	328096	2023-06-01	12230000
Jean-Philippe Mateta	328096	2023-09-01	8290000
Jean-Philippe Mateta	328096	2023-12-01	6420000
Jean-Philippe Mateta	328096	2024-03-01	6380000
Jean-Philippe Mateta	328096	2024-06-01	9460000
Jean-Philippe Mateta	328096	2024-09-01	10110000
Jean-Philippe Mateta	328096	2024-12-01	10340000
Jean-Philippe Mateta	328096	2025-03-01	21241064
Jean-Philippe Mateta	328096	2025-05-01	31732128
Yoane Wissa	296240	2016-07-01	280000
Yoane Wissa	296240	2019-01-01	2340000
Yoane Wissa	296240	2021-12-01	9400000
Yoane Wissa	296240	2023-06-01	15220000
Yoane Wissa	296240	2023-09-01	14850000
Yoane Wissa	296240	2023-12-01	14100000
Yoane Wissa	296240	2024-03-01	15250000
Yoane Wissa	296240	2024-06-01	16960000
Yoane Wissa	296240	2024-09-01	16630000
Yoane Wissa	296240	2024-12-01	16060000
Yoane Wissa	296240	2025-03-01	30754116
Yoane Wissa	296240	2025-05-01	31364490
Vangelis Pavlidis	330514	2016-07-01	640000
Vangelis Pavlidis	330514	2019-01-01	210000
Vangelis Pavlidis	330514	2021-12-01	8220000
Vangelis Pavlidis	330514	2023-07-01	11710000
Vangelis Pavlidis	330514	2023-10-01	10920000
Vangelis Pavlidis	330514	2024-02-01	12420000
Vangelis Pavlidis	330514	2024-05-01	12780000
Vangelis Pavlidis	330514	2024-08-01	21080000
Vangelis Pavlidis	330514	2024-12-01	20550000
Vangelis Pavlidis	330514	2025-03-01	22821489
Vangelis Pavlidis	330514	2025-05-01	31160781
Jonathan David	383855	2019-01-01	780000
Jonathan David	383855	2020-07-01	18400000
Jonathan David	383855	2022-06-01	49570000
Jonathan David	383855	2023-06-01	51680000
Jonathan David	383855	2023-09-01	57470000
Jonathan David	383855	2023-12-01	47970000
Jonathan David	383855	2024-02-01	45290000
Jonathan David	383855	2024-05-01	45700000
Jonathan David	383855	2024-08-01	43460000
Jonathan David	383855	2024-10-01	37040000
Jonathan David	383855	2024-12-01	35750000
Jonathan David	383855	2025-04-01	30681146
Jonathan David	383855	2025-05-01	30854331
Jørgen Strand Larsen	333048	2018-01-01	110000
Jørgen Strand Larsen	333048	2020-01-01	120000
Jørgen Strand Larsen	333048	2022-04-01	3060000
Jørgen Strand Larsen	333048	2023-06-01	20330000
Jørgen Strand Larsen	333048	2023-09-01	13610000
Jørgen Strand Larsen	333048	2023-12-01	12250000
Jørgen Strand Larsen	333048	2024-02-01	13600000
Jørgen Strand Larsen	333048	2024-05-01	19720000
Jørgen Strand Larsen	333048	2024-08-01	27670000
Jørgen Strand Larsen	333048	2024-10-01	24870000
Jørgen Strand Larsen	333048	2024-12-01	23360000
Jørgen Strand Larsen	333048	2025-04-01	30324130
Jørgen Strand Larsen	333048	2025-05-01	30835650
Maximilian Beier	387125	2019-07-01	520000
Maximilian Beier	387125	2021-01-01	4330000
Maximilian Beier	387125	2022-08-01	2190000
Maximilian Beier	387125	2023-06-01	2780000
Maximilian Beier	387125	2023-09-01	2790000
Maximilian Beier	387125	2023-12-01	6420000
Maximilian Beier	387125	2024-03-01	11230000
Maximilian Beier	387125	2024-06-01	15920000
Maximilian Beier	387125	2024-09-01	22260000
Maximilian Beier	387125	2024-12-01	28320000
Maximilian Beier	387125	2025-03-01	35338611
Maximilian Beier	387125	2025-05-01	26913492
Evanilson	384430	2019-07-01	70000
Evanilson	384430	2021-01-01	1900000
Evanilson	384430	2022-08-01	15180000
Evanilson	384430	2023-06-01	30970000
Evanilson	384430	2023-08-01	25920000
Evanilson	384430	2023-10-01	22900000
Evanilson	384430	2024-01-01	18450000
Evanilson	384430	2024-03-01	18820000
Evanilson	384430	2024-05-01	22470000
Evanilson	384430	2024-07-01	21570000
Evanilson	384430	2024-09-01	28220000
Evanilson	384430	2024-11-01	29580000
Evanilson	384430	2025-02-01	27489649
Evanilson	384430	2025-04-01	26892166
Evanilson	384430	2025-05-01	26876469
Richarlison	317804	2017-01-01	3450000
Richarlison	317804	2019-07-01	35150000
Richarlison	317804	2022-02-01	46380000
Richarlison	317804	2023-07-01	47300000
Richarlison	317804	2023-10-01	36250000
Richarlison	317804	2024-02-01	37530000
Richarlison	317804	2024-05-01	37420000
Richarlison	317804	2024-08-01	33730000
Richarlison	317804	2024-12-01	25780000
Richarlison	317804	2025-03-01	34729340
Richarlison	317804	2025-05-01	26710386
Elye Wahi	407661	2020-07-01	720000
Elye Wahi	407661	2021-07-01	6140000
Elye Wahi	407661	2022-10-01	20140000
Elye Wahi	407661	2023-07-01	10660000
Elye Wahi	407661	2023-10-01	26210000
Elye Wahi	407661	2024-02-01	42800000
Elye Wahi	407661	2024-05-01	43400000
Elye Wahi	407661	2024-08-01	38600000
Elye Wahi	407661	2024-12-01	44600000
Elye Wahi	407661	2025-03-01	26638598
Elye Wahi	407661	2025-05-01	26638598
Evann Guessand	382587	2019-07-01	100000
Evann Guessand	382587	2021-01-01	1510000
Evann Guessand	382587	2022-08-01	3620000
Evann Guessand	382587	2023-06-01	11900000
Evann Guessand	382587	2023-08-01	8420000
Evann Guessand	382587	2023-10-01	6900000
Evann Guessand	382587	2024-01-01	5820000
Evann Guessand	382587	2024-03-01	6230000
Evann Guessand	382587	2024-05-01	6800000
Evann Guessand	382587	2024-07-01	7340000
Evann Guessand	382587	2024-09-01	9880000
Evann Guessand	382587	2024-11-01	9890000
Evann Guessand	382587	2025-02-01	23971492
Evann Guessand	382587	2025-04-01	26250225
Evann Guessand	382587	2025-05-01	26250225
Igor Thiago	443784	2021-07-01	460000
Igor Thiago	443784	2022-03-01	660000
Igor Thiago	443784	2022-12-01	1080000
Igor Thiago	443784	2023-06-01	1870000
Igor Thiago	443784	2023-09-01	7290000
Igor Thiago	443784	2023-12-01	6420000
Igor Thiago	443784	2024-03-01	7250000
Igor Thiago	443784	2024-06-01	14380000
Igor Thiago	443784	2024-09-01	25640000
Igor Thiago	443784	2024-12-01	24400000
Igor Thiago	443784	2025-03-01	27574569
Igor Thiago	443784	2025-05-01	25913246
Brian Brobbey	404568	2019-07-01	1180000
Brian Brobbey	404568	2021-01-01	2680000
Brian Brobbey	404568	2022-08-01	4380000
Brian Brobbey	404568	2023-06-01	17040000
Brian Brobbey	404568	2023-09-01	17770000
Brian Brobbey	404568	2023-12-01	18260000
Brian Brobbey	404568	2024-03-01	18600000
Brian Brobbey	404568	2024-06-01	18940000
Brian Brobbey	404568	2024-09-01	18800000
Brian Brobbey	404568	2024-12-01	16080000
Brian Brobbey	404568	2025-03-01	33401551
Brian Brobbey	404568	2025-05-01	25881796
Valentin Castellanos	361406	2019-01-01	810000
Valentin Castellanos	361406	2020-07-01	2780000
Valentin Castellanos	361406	2022-06-01	5160000
Valentin Castellanos	361406	2023-06-01	23870000
Valentin Castellanos	361406	2023-09-01	21620000
Valentin Castellanos	361406	2023-12-01	20730000
Valentin Castellanos	361406	2024-03-01	23710000
Valentin Castellanos	361406	2024-06-01	21010000
Valentin Castellanos	361406	2024-09-01	20560000
Valentin Castellanos	361406	2024-12-01	16810000
Valentin Castellanos	361406	2025-03-01	23906471
Valentin Castellanos	361406	2025-05-01	25714750
Vitor Roque	437157	2023-12-01	17330000
Vitor Roque	437157	2024-01-01	17360000
Vitor Roque	437157	2024-02-01	23700000
Vitor Roque	437157	2024-03-01	29630000
Vitor Roque	437157	2024-04-01	34170000
Vitor Roque	437157	2024-05-01	36640000
Vitor Roque	437157	2024-06-01	37490000
Vitor Roque	437157	2024-07-01	37440000
Vitor Roque	437157	2024-09-01	33370000
Vitor Roque	437157	2024-12-01	30210000
Vitor Roque	437157	2025-03-01	26603589
Vitor Roque	437157	2025-05-01	25465481
Edward Nketiah	345845	2018-01-01	3490000
Edward Nketiah	345845	2020-01-01	6000000
Edward Nketiah	345845	2022-04-01	11360000
Edward Nketiah	345845	2023-06-01	17400000
Edward Nketiah	345845	2023-09-01	11560000
Edward Nketiah	345845	2023-12-01	16930000
Edward Nketiah	345845	2024-02-01	17890000
Edward Nketiah	345845	2024-05-01	15490000
Edward Nketiah	345845	2024-08-01	14360000
Edward Nketiah	345845	2024-10-01	28020000
Edward Nketiah	345845	2024-12-01	27470000
Edward Nketiah	345845	2025-04-01	24794374
Edward Nketiah	345845	2025-05-01	24794374
Arnaud Kalimuendo	384005	2019-07-01	750000
Arnaud Kalimuendo	384005	2021-01-01	3620000
Arnaud Kalimuendo	384005	2022-08-01	18980000
Arnaud Kalimuendo	384005	2023-06-01	28330000
Arnaud Kalimuendo	384005	2023-09-01	21640000
Arnaud Kalimuendo	384005	2023-11-01	20730000
Arnaud Kalimuendo	384005	2024-01-01	29850000
Arnaud Kalimuendo	384005	2024-04-01	26270000
Arnaud Kalimuendo	384005	2024-06-01	30520000
Arnaud Kalimuendo	384005	2024-09-01	29100000
Arnaud Kalimuendo	384005	2024-11-01	24610000
Arnaud Kalimuendo	384005	2025-02-01	24530030
Arnaud Kalimuendo	384005	2025-04-01	24299948
Arnaud Kalimuendo	384005	2025-05-01	24448580
Emanuel Emegha	400163	2021-07-01	1410000
Emanuel Emegha	400163	2022-03-01	2390000
Emanuel Emegha	400163	2022-12-01	1420000
Emanuel Emegha	400163	2023-06-01	1300000
Emanuel Emegha	400163	2023-09-01	8920000
Emanuel Emegha	400163	2023-12-01	9760000
Emanuel Emegha	400163	2024-03-01	10700000
Emanuel Emegha	400163	2024-06-01	12940000
Emanuel Emegha	400163	2024-09-01	15390000
Emanuel Emegha	400163	2024-12-01	18400000
Emanuel Emegha	400163	2025-03-01	18715576
Emanuel Emegha	400163	2025-05-01	24318729
Patrik Schick	243565	2016-07-01	1390000
Patrik Schick	243565	2019-01-01	10270000
Patrik Schick	243565	2021-12-01	25580000
Patrik Schick	243565	2023-06-01	33700000
Patrik Schick	243565	2023-09-01	26480000
Patrik Schick	243565	2023-12-01	16600000
Patrik Schick	243565	2024-03-01	14350000
Patrik Schick	243565	2024-06-01	15260000
Patrik Schick	243565	2024-09-01	15540000
Patrik Schick	243565	2024-12-01	13150000
Patrik Schick	243565	2025-03-01	21656278
Patrik Schick	243565	2025-05-01	24300917
Ange-Yoan Bonny	447489	2021-01-01	60000
Ange-Yoan Bonny	447489	2022-03-01	140000
Ange-Yoan Bonny	447489	2022-12-01	180000
Ange-Yoan Bonny	447489	2023-06-01	350000
Ange-Yoan Bonny	447489	2023-09-01	770000
Ange-Yoan Bonny	447489	2023-11-01	820000
Ange-Yoan Bonny	447489	2024-01-01	1120000
Ange-Yoan Bonny	447489	2024-04-01	2900000
Ange-Yoan Bonny	447489	2024-06-01	3300000
Ange-Yoan Bonny	447489	2024-09-01	3060000
Ange-Yoan Bonny	447489	2024-11-01	5810000
Ange-Yoan Bonny	447489	2025-02-01	24742009
Ange-Yoan Bonny	447489	2025-04-01	24193360
Ange-Yoan Bonny	447489	2025-05-01	24168062
Alexander Sørloth	302497	2016-07-01	1520000
Alexander Sørloth	302497	2019-01-01	4640000
Alexander Sørloth	302497	2021-12-01	15240000
Alexander Sørloth	302497	2023-07-01	20440000
Alexander Sørloth	302497	2023-12-01	34800000
Alexander Sørloth	302497	2024-05-01	33780000
Alexander Sørloth	302497	2024-10-01	32100000
Alexander Sørloth	302497	2025-03-01	24475831
Alexander Sørloth	302497	2025-05-01	24126406
Folarin Balogun	384065	2019-01-01	4700000
Folarin Balogun	384065	2020-07-01	2720000
Folarin Balogun	384065	2022-06-01	8950000
Folarin Balogun	384065	2023-06-01	22350000
Folarin Balogun	384065	2023-09-01	20470000
Folarin Balogun	384065	2023-11-01	20230000
Folarin Balogun	384065	2024-01-01	21500000
Folarin Balogun	384065	2024-04-01	19590000
Folarin Balogun	384065	2024-06-01	18970000
Folarin Balogun	384065	2024-09-01	17100000
Folarin Balogun	384065	2024-11-01	14510000
Folarin Balogun	384065	2025-02-01	25881796
Folarin Balogun	384065	2025-04-01	23877729
Folarin Balogun	384065	2025-05-01	23931223
Georges Mikautadze	389020	2019-07-01	250000
Georges Mikautadze	389020	2021-01-01	1830000
Georges Mikautadze	389020	2022-08-01	3520000
Georges Mikautadze	389020	2023-07-01	2900000
Georges Mikautadze	389020	2023-11-01	10750000
Georges Mikautadze	389020	2024-03-01	10380000
Georges Mikautadze	389020	2024-07-01	11070000
Georges Mikautadze	389020	2024-11-01	14590000
Georges Mikautadze	389020	2025-03-01	20258495
Georges Mikautadze	389020	2025-05-01	23194991
Lorenzo Lucca	424819	2019-07-01	100000
Lorenzo Lucca	424819	2021-01-01	290000
Lorenzo Lucca	424819	2022-08-01	1010000
Lorenzo Lucca	424819	2023-07-01	1180000
Lorenzo Lucca	424819	2023-10-01	1180000
Lorenzo Lucca	424819	2024-02-01	5960000
Lorenzo Lucca	424819	2024-05-01	6280000
Lorenzo Lucca	424819	2024-08-01	10850000
Lorenzo Lucca	424819	2024-12-01	14820000
Lorenzo Lucca	424819	2025-03-01	20543821
Lorenzo Lucca	424819	2025-05-01	23132751
Ermedin Demirović	351339	2016-07-01	120000
Ermedin Demirović	351339	2019-01-01	900000
Ermedin Demirović	351339	2021-12-01	10720000
Ermedin Demirović	351339	2023-07-01	20040000
Ermedin Demirović	351339	2023-11-01	14480000
Ermedin Demirović	351339	2024-03-01	13280000
Ermedin Demirović	351339	2024-07-01	16680000
Ermedin Demirović	351339	2024-11-01	20730000
Ermedin Demirović	351339	2025-03-01	31123645
Ermedin Demirović	351339	2025-05-01	22784353
Gianluca Scamacca	302650	2016-07-01	230000
Gianluca Scamacca	302650	2019-01-01	970000
Gianluca Scamacca	302650	2021-12-01	5130000
Gianluca Scamacca	302650	2023-07-01	15510000
Gianluca Scamacca	302650	2023-10-01	19120000
Gianluca Scamacca	302650	2024-02-01	18610000
Gianluca Scamacca	302650	2024-05-01	16230000
Gianluca Scamacca	302650	2024-08-01	16150000
Gianluca Scamacca	302650	2024-12-01	10140000
Gianluca Scamacca	302650	2025-03-01	32698554
Gianluca Scamacca	302650	2025-05-01	22564545
Amine Gouiri	348654	2018-01-01	1800000
Amine Gouiri	348654	2020-01-01	560000
Amine Gouiri	348654	2022-04-01	25000000
Amine Gouiri	348654	2023-06-01	39430000
Amine Gouiri	348654	2023-09-01	29870000
Amine Gouiri	348654	2023-12-01	30880000
Amine Gouiri	348654	2024-03-01	25810000
Amine Gouiri	348654	2024-06-01	25660000
Amine Gouiri	348654	2024-09-01	25250000
Amine Gouiri	348654	2024-12-01	21050000
Amine Gouiri	348654	2025-03-01	22296554
Amine Gouiri	348654	2025-05-01	22268171
Deniz Undav	357091	2017-01-01	140000
Deniz Undav	357091	2019-07-01	100000
Deniz Undav	357091	2022-02-01	2500000
Deniz Undav	357091	2023-09-01	5880000
Deniz Undav	357091	2024-05-01	7580000
Deniz Undav	357091	2024-12-01	11760000
Deniz Undav	357091	2025-05-01	22023029
Orri Steinn Óskarsson	428066	2020-07-01	540000
Orri Steinn Óskarsson	428066	2021-07-01	340000
Orri Steinn Óskarsson	428066	2022-10-01	290000
Orri Steinn Óskarsson	428066	2023-06-01	550000
Orri Steinn Óskarsson	428066	2023-09-01	3830000
Orri Steinn Óskarsson	428066	2023-11-01	5070000
Orri Steinn Óskarsson	428066	2024-01-01	6550000
Orri Steinn Óskarsson	428066	2024-04-01	6940000
Orri Steinn Óskarsson	428066	2024-06-01	6570000
Orri Steinn Óskarsson	428066	2024-09-01	14160000
Orri Steinn Óskarsson	428066	2024-11-01	16840000
Orri Steinn Óskarsson	428066	2025-02-01	25202665
Orri Steinn Óskarsson	428066	2025-04-01	21871879
Orri Steinn Óskarsson	428066	2025-05-01	21613703
Fábio Silva	380655	2019-07-01	8520000
Fábio Silva	380655	2021-01-01	13800000
Fábio Silva	380655	2022-08-01	18040000
Fábio Silva	380655	2023-06-01	15750000
Fábio Silva	380655	2023-09-01	16980000
Fábio Silva	380655	2023-11-01	16210000
Fábio Silva	380655	2024-01-01	13950000
Fábio Silva	380655	2024-04-01	12710000
Fábio Silva	380655	2024-06-01	12730000
Fábio Silva	380655	2024-09-01	10380000
Fábio Silva	380655	2024-11-01	9530000
Fábio Silva	380655	2025-02-01	18379004
Fábio Silva	380655	2025-04-01	21038473
Fábio Silva	380655	2025-05-01	21038473
Ricardo Pepi	377466	2020-07-01	370000
Ricardo Pepi	377466	2021-07-01	1040000
Ricardo Pepi	377466	2022-10-01	8770000
Ricardo Pepi	377466	2023-06-01	8550000
Ricardo Pepi	377466	2023-09-01	11480000
Ricardo Pepi	377466	2023-12-01	17740000
Ricardo Pepi	377466	2024-02-01	16730000
Ricardo Pepi	377466	2024-05-01	10550000
Ricardo Pepi	377466	2024-08-01	7260000
Ricardo Pepi	377466	2024-10-01	7400000
Ricardo Pepi	377466	2024-12-01	7510000
Ricardo Pepi	377466	2025-04-01	20903702
Ricardo Pepi	377466	2025-05-01	20903702
Konstantin Tyukavin	404327	2021-07-01	5050000
Konstantin Tyukavin	404327	2022-03-01	9690000
Konstantin Tyukavin	404327	2022-12-01	12980000
Konstantin Tyukavin	404327	2023-06-01	10520000
Konstantin Tyukavin	404327	2023-08-01	10110000
Konstantin Tyukavin	404327	2023-10-01	10100000
Konstantin Tyukavin	404327	2024-01-01	18830000
Konstantin Tyukavin	404327	2024-03-01	18530000
Konstantin Tyukavin	404327	2024-05-01	19240000
Konstantin Tyukavin	404327	2024-07-01	22920000
Konstantin Tyukavin	404327	2024-09-01	24050000
Konstantin Tyukavin	404327	2024-11-01	22190000
Konstantin Tyukavin	404327	2025-02-01	20986234
Konstantin Tyukavin	404327	2025-04-01	20389503
Konstantin Tyukavin	404327	2025-05-01	20389503
Marcos Leonardo	397569	2021-07-01	9110000
Marcos Leonardo	397569	2022-03-01	10240000
Marcos Leonardo	397569	2022-12-01	11220000
Marcos Leonardo	397569	2023-06-01	23190000
Marcos Leonardo	397569	2023-09-01	17770000
Marcos Leonardo	397569	2023-12-01	9230000
Marcos Leonardo	397569	2024-02-01	18470000
Marcos Leonardo	397569	2024-05-01	23640000
Marcos Leonardo	397569	2024-08-01	24910000
Marcos Leonardo	397569	2024-10-01	29110000
Marcos Leonardo	397569	2024-12-01	31940000
Marcos Leonardo	397569	2025-04-01	20376777
Marcos Leonardo	397569	2025-05-01	20376777
Taiwo Awoniyi	281049	2016-07-01	360000
Taiwo Awoniyi	281049	2019-01-01	1460000
Taiwo Awoniyi	281049	2021-12-01	8840000
Taiwo Awoniyi	281049	2023-06-01	20470000
Taiwo Awoniyi	281049	2023-09-01	14240000
Taiwo Awoniyi	281049	2023-12-01	11970000
Taiwo Awoniyi	281049	2024-03-01	10660000
Taiwo Awoniyi	281049	2024-06-01	10200000
Taiwo Awoniyi	281049	2024-09-01	9040000
Taiwo Awoniyi	281049	2024-12-01	7410000
Taiwo Awoniyi	281049	2025-03-01	24700203
Taiwo Awoniyi	281049	2025-05-01	20230708
Fotis Ioannidis	418176	2019-01-01	70000
Fotis Ioannidis	418176	2020-07-01	190000
Fotis Ioannidis	418176	2022-06-01	820000
Fotis Ioannidis	418176	2023-06-01	1300000
Fotis Ioannidis	418176	2023-09-01	2240000
Fotis Ioannidis	418176	2023-12-01	1720000
Fotis Ioannidis	418176	2024-02-01	2810000
Fotis Ioannidis	418176	2024-05-01	4040000
Fotis Ioannidis	418176	2024-08-01	3720000
Fotis Ioannidis	418176	2024-10-01	2960000
Fotis Ioannidis	418176	2024-12-01	2460000
Fotis Ioannidis	418176	2025-04-01	19421474
Fotis Ioannidis	418176	2025-05-01	19421474
Cucho Hernández	362501	2017-01-01	4970000
Cucho Hernández	362501	2019-07-01	8900000
Cucho Hernández	362501	2022-02-01	6330000
Cucho Hernández	362501	2023-06-01	8010000
Cucho Hernández	362501	2023-09-01	4940000
Cucho Hernández	362501	2023-12-01	4290000
Cucho Hernández	362501	2024-02-01	3930000
Cucho Hernández	362501	2024-05-01	3530000
Cucho Hernández	362501	2024-08-01	3380000
Cucho Hernández	362501	2024-10-01	3610000
Cucho Hernández	362501	2024-12-01	3560000
Cucho Hernández	362501	2025-04-01	19289727
Cucho Hernández	362501	2025-05-01	19289727
Yuri Alberto	348261	2019-01-01	2650000
Yuri Alberto	348261	2020-07-01	1310000
Yuri Alberto	348261	2022-06-01	21400000
Yuri Alberto	348261	2023-06-01	11610000
Yuri Alberto	348261	2023-09-01	9910000
Yuri Alberto	348261	2023-12-01	9910000
Yuri Alberto	348261	2024-03-01	10050000
Yuri Alberto	348261	2024-06-01	8890000
Yuri Alberto	348261	2024-09-01	9400000
Yuri Alberto	348261	2024-12-01	11570000
Yuri Alberto	348261	2025-03-01	17573566
Yuri Alberto	348261	2025-05-01	18684241
Romelu Lukaku	78498	2016-07-01	69210000
Romelu Lukaku	78498	2019-01-01	125190000
Romelu Lukaku	78498	2021-12-01	106840000
Romelu Lukaku	78498	2023-07-01	40920000
Romelu Lukaku	78498	2023-12-01	34660000
Romelu Lukaku	78498	2024-05-01	32750000
Romelu Lukaku	78498	2024-10-01	35000000
Romelu Lukaku	78498	2025-03-01	20330734
Romelu Lukaku	78498	2025-05-01	18310797
El Bilal Touré	391527	2021-07-01	9330000
El Bilal Touré	391527	2022-03-01	9650000
El Bilal Touré	391527	2022-12-01	22630000
El Bilal Touré	391527	2023-06-01	21860000
El Bilal Touré	391527	2023-09-01	22840000
El Bilal Touré	391527	2023-12-01	20530000
El Bilal Touré	391527	2024-02-01	19180000
El Bilal Touré	391527	2024-05-01	14880000
El Bilal Touré	391527	2024-08-01	10940000
El Bilal Touré	391527	2024-10-01	9710000
El Bilal Touré	391527	2024-12-01	9480000
El Bilal Touré	391527	2025-04-01	18298177
El Bilal Touré	391527	2025-05-01	18258136
Igor Jesus	397497	2020-07-01	1840000
Igor Jesus	397497	2021-07-01	3340000
Igor Jesus	397497	2022-10-01	1190000
Igor Jesus	397497	2023-06-01	780000
Igor Jesus	397497	2023-09-01	660000
Igor Jesus	397497	2023-12-01	540000
Igor Jesus	397497	2024-02-01	390000
Igor Jesus	397497	2024-05-01	320000
Igor Jesus	397497	2024-08-01	1290000
Igor Jesus	397497	2024-10-01	3290000
Igor Jesus	397497	2024-12-01	3730000
Igor Jesus	397497	2025-04-01	18260450
Igor Jesus	397497	2025-05-01	18191091
Dominic Calvert-Lewin	141469	2016-07-01	710000
Dominic Calvert-Lewin	141469	2019-01-01	4350000
Dominic Calvert-Lewin	141469	2021-12-01	37220000
Dominic Calvert-Lewin	141469	2023-06-01	15040000
Dominic Calvert-Lewin	141469	2023-09-01	10470000
Dominic Calvert-Lewin	141469	2023-11-01	9200000
Dominic Calvert-Lewin	141469	2024-01-01	9330000
Dominic Calvert-Lewin	141469	2024-04-01	11170000
Dominic Calvert-Lewin	141469	2024-06-01	12390000
Dominic Calvert-Lewin	141469	2024-09-01	10630000
Dominic Calvert-Lewin	141469	2024-11-01	9320000
Dominic Calvert-Lewin	141469	2025-02-01	18552770
Dominic Calvert-Lewin	141469	2025-04-01	17765623
Dominic Calvert-Lewin	141469	2025-05-01	17846222
Hee-chan Hwang	262854	2017-01-01	2580000
Hee-chan Hwang	262854	2019-07-01	5330000
Hee-chan Hwang	262854	2022-02-01	6260000
Hee-chan Hwang	262854	2023-06-01	12490000
Hee-chan Hwang	262854	2023-09-01	8990000
Hee-chan Hwang	262854	2023-12-01	7990000
Hee-chan Hwang	262854	2024-03-01	19020000
Hee-chan Hwang	262854	2024-06-01	16950000
Hee-chan Hwang	262854	2024-09-01	15500000
Hee-chan Hwang	262854	2024-12-01	14540000
Hee-chan Hwang	262854	2025-03-01	24256761
Hee-chan Hwang	262854	2025-05-01	17570633
Jota Silva	444826	2019-01-01	100000
Jota Silva	444826	2020-07-01	150000
Jota Silva	444826	2022-06-01	340000
Jota Silva	444826	2023-07-01	1110000
Jota Silva	444826	2023-12-01	1300000
Jota Silva	444826	2024-05-01	2940000
Jota Silva	444826	2024-10-01	6190000
Jota Silva	444826	2025-03-01	17384397
Jota Silva	444826	2025-05-01	17384397
Aleksandar Mitrović	115279	2016-07-01	19790000
Aleksandar Mitrović	115279	2019-01-01	34940000
Aleksandar Mitrović	115279	2021-12-01	16140000
Aleksandar Mitrović	115279	2023-07-01	22020000
Aleksandar Mitrović	115279	2023-10-01	39840000
Aleksandar Mitrović	115279	2024-02-01	38100000
Aleksandar Mitrović	115279	2024-05-01	31390000
Aleksandar Mitrović	115279	2024-08-01	20990000
Aleksandar Mitrović	115279	2024-12-01	12310000
Aleksandar Mitrović	115279	2025-03-01	17600814
Aleksandar Mitrović	115279	2025-05-01	17364100
Andrea Pinamonti	317544	2017-01-01	410000
Andrea Pinamonti	317544	2019-07-01	5650000
Andrea Pinamonti	317544	2022-02-01	8500000
Andrea Pinamonti	317544	2023-06-01	29410000
Andrea Pinamonti	317544	2023-09-01	18550000
Andrea Pinamonti	317544	2023-12-01	15660000
Andrea Pinamonti	317544	2024-03-01	12560000
Andrea Pinamonti	317544	2024-06-01	15850000
Andrea Pinamonti	317544	2024-09-01	12420000
Andrea Pinamonti	317544	2024-12-01	11580000
Andrea Pinamonti	317544	2025-03-01	16972140
Andrea Pinamonti	317544	2025-05-01	16972140
Joël Piroe	369542	2018-01-01	170000
Joël Piroe	369542	2020-01-01	360000
Joël Piroe	369542	2022-04-01	3090000
Joël Piroe	369542	2023-06-01	11120000
Joël Piroe	369542	2023-09-01	12050000
Joël Piroe	369542	2023-12-01	12870000
Joël Piroe	369542	2024-02-01	13860000
Joël Piroe	369542	2024-05-01	14840000
Joël Piroe	369542	2024-08-01	14050000
Joël Piroe	369542	2024-10-01	13250000
Joël Piroe	369542	2024-12-01	11750000
Joël Piroe	369542	2025-04-01	16842290
Joël Piroe	369542	2025-05-01	16972140
Karim Konaté	431179	2023-01-01	1760000
Karim Konaté	431179	2023-02-01	1860000
Karim Konaté	431179	2023-04-01	1590000
Karim Konaté	431179	2023-06-01	1310000
Karim Konaté	431179	2023-09-01	1000000
Karim Konaté	431179	2023-11-01	3570000
Karim Konaté	431179	2024-01-01	5170000
Karim Konaté	431179	2024-04-01	6320000
Karim Konaté	431179	2024-06-01	5380000
Karim Konaté	431179	2024-09-01	4690000
Karim Konaté	431179	2024-11-01	3370000
Karim Konaté	431179	2025-02-01	16313566
Karim Konaté	431179	2025-04-01	16313566
Karim Konaté	431179	2025-05-01	16313566
Tim Kleindienst	129368	2016-07-01	150000
Tim Kleindienst	129368	2019-01-01	830000
Tim Kleindienst	129368	2021-12-01	2860000
Tim Kleindienst	129368	2023-07-01	1560000
Tim Kleindienst	129368	2023-12-01	3920000
Tim Kleindienst	129368	2024-05-01	6800000
Tim Kleindienst	129368	2024-10-01	9780000
Tim Kleindienst	129368	2025-03-01	13052545
Tim Kleindienst	129368	2025-05-01	15886056
Antoine Griezmann	80241	2016-07-01	39930000
Antoine Griezmann	80241	2019-01-01	82130000
Antoine Griezmann	80241	2021-12-01	49600000
Antoine Griezmann	80241	2023-07-01	33030000
Antoine Griezmann	80241	2023-10-01	44880000
Antoine Griezmann	80241	2024-02-01	44110000
Antoine Griezmann	80241	2024-05-01	43520000
Antoine Griezmann	80241	2024-08-01	37060000
Antoine Griezmann	80241	2024-12-01	30910000
Antoine Griezmann	80241	2025-03-01	13359050
Antoine Griezmann	80241	2025-05-01	14472202
Youssef En-Nesyri	323547	2018-01-01	2130000
Youssef En-Nesyri	323547	2020-01-01	8640000
Youssef En-Nesyri	323547	2022-04-01	19760000
Youssef En-Nesyri	323547	2023-07-01	17770000
Youssef En-Nesyri	323547	2023-10-01	18380000
Youssef En-Nesyri	323547	2024-02-01	20150000
Youssef En-Nesyri	323547	2024-05-01	18990000
Youssef En-Nesyri	323547	2024-08-01	18220000
Youssef En-Nesyri	323547	2024-12-01	16570000
Youssef En-Nesyri	323547	2025-03-01	13564448
Youssef En-Nesyri	323547	2025-05-01	13434597
Sebastiano Esposito	371397	2019-07-01	5430000
Sebastiano Esposito	371397	2021-01-01	7440000
Sebastiano Esposito	371397	2022-08-01	3510000
Sebastiano Esposito	371397	2023-06-01	4410000
Sebastiano Esposito	371397	2023-08-01	4420000
Sebastiano Esposito	371397	2023-10-01	4230000
Sebastiano Esposito	371397	2024-01-01	3930000
Sebastiano Esposito	371397	2024-03-01	3940000
Sebastiano Esposito	371397	2024-05-01	3560000
Sebastiano Esposito	371397	2024-07-01	3120000
Sebastiano Esposito	371397	2024-09-01	2710000
Sebastiano Esposito	371397	2024-11-01	3100000
Sebastiano Esposito	371397	2025-02-01	9197593
Sebastiano Esposito	371397	2025-04-01	12181181
Sebastiano Esposito	371397	2025-05-01	12536674
Luis Guilherme	478319	2024-02-01	2530000
Luis Guilherme	478319	2024-03-01	2660000
Luis Guilherme	478319	2024-04-01	2530000
Luis Guilherme	478319	2024-05-01	2410000
Luis Guilherme	478319	2024-06-01	2430000
Luis Guilherme	478319	2024-08-01	3000000
Luis Guilherme	478319	2024-09-01	3440000
Luis Guilherme	478319	2024-10-01	2960000
Luis Guilherme	478319	2024-11-01	2750000
Luis Guilherme	478319	2024-12-01	2710000
Luis Guilherme	478319	2025-02-01	30162538
Luis Guilherme	478319	2025-03-01	30162538
Luis Guilherme	478319	2025-04-01	26641915
Luis Guilherme	478319	2025-05-01	26641915
Rodrigo Muniz	403649	2021-07-01	3990000
Rodrigo Muniz	403649	2022-03-01	5820000
Rodrigo Muniz	403649	2022-12-01	2230000
Rodrigo Muniz	403649	2023-06-01	1160000
Rodrigo Muniz	403649	2023-09-01	1150000
Rodrigo Muniz	403649	2023-11-01	1280000
Rodrigo Muniz	403649	2024-01-01	1560000
Rodrigo Muniz	403649	2024-04-01	3970000
Rodrigo Muniz	403649	2024-06-01	5510000
Rodrigo Muniz	403649	2024-09-01	4970000
Rodrigo Muniz	403649	2024-11-01	5920000
Rodrigo Muniz	403649	2025-02-01	9756563
Rodrigo Muniz	403649	2025-04-01	8351282
Rodrigo Muniz	403649	2025-05-01	8249977
Ivan Toney	134240	2016-07-01	690000
Ivan Toney	134240	2019-01-01	990000
Ivan Toney	134240	2021-12-01	26380000
Ivan Toney	134240	2023-07-01	33770000
Ivan Toney	134240	2023-10-01	29370000
Ivan Toney	134240	2024-02-01	22410000
Ivan Toney	134240	2024-05-01	17850000
Ivan Toney	134240	2024-08-01	14810000
Ivan Toney	134240	2024-12-01	32570000
Ivan Toney	134240	2025-03-01	25784482
Ivan Toney	134240	2025-05-01	25784482
Stefanos Tzimas	519565	2023-07-01	160000
Stefanos Tzimas	519565	2023-08-01	270000
Stefanos Tzimas	519565	2023-09-01	300000
Stefanos Tzimas	519565	2023-10-01	310000
Stefanos Tzimas	519565	2023-11-01	320000
Stefanos Tzimas	519565	2023-12-01	420000
Stefanos Tzimas	519565	2024-01-01	470000
Stefanos Tzimas	519565	2024-04-01	650000
Stefanos Tzimas	519565	2024-06-01	550000
Stefanos Tzimas	519565	2024-09-01	420000
Stefanos Tzimas	519565	2024-11-01	360000
Stefanos Tzimas	519565	2025-02-01	2441635
Stefanos Tzimas	519565	2025-04-01	2309856
Stefanos Tzimas	519565	2025-05-01	2294152
